{
 "type": "FeatureCollection",
 "_aviso": "Malha cicloviária REAL extraída do OpenStreetMap (highway=cycleway e cycleway=lane/track). Pode estar incompleta; complemente com o cadastro oficial da Prefeitura.",
 "features": [
  {
   "type": "Feature",
   "properties": {
    "nome": "Ciclovia",
    "tipo": "ciclovia",
    "fonte": "OpenStreetMap",
    "osm_id": 1104809178
   },
   "geometry": {
    "type": "LineString",
    "coordinates": [
     [
      -47.2555992,
      -23.1008922
     ],
     [
      -47.2554465,
      -23.1009162
     ],
     [
      -47.2550197,
      -23.1012741
     ],
     [
      -47.2548328,
      -23.1013461
     ],
     [
      -47.2548216,
      -23.1013538
     ],
     [
      -47.2546076,
      -23.1014653
     ],
     [
      -47.2545875,
      -23.1014745
     ],
     [
      -47.2543695,
      -23.1015607
     ],
     [
      -47.2538405,
      -23.1017476
     ],
     [
      -47.2533381,
      -23.1019019
     ],
     [
      -47.2527455,
      -23.1020173
     ],
     [
      -47.2523727,
      -23.102082
     ],
     [
      -47.2522712,
      -23.1020991
     ],
     [
      -47.2520774,
      -23.1021346
     ],
     [
      -47.2519878,
      -23.1021518
     ],
     [
      -47.2517917,
      -23.102186
     ],
     [
      -47.2509476,
      -23.1023393
     ],
     [
      -47.2506921,
      -23.1023972
     ],
     [
      -47.2504559,
      -23.1024778
     ],
     [
      -47.2503105,
      -23.1025574
     ],
     [
      -47.2501128,
      -23.1026953
     ],
     [
      -47.2499004,
      -23.1028845
     ],
     [
      -47.2497276,
      -23.1030547
     ],
     [
      -47.2494923,
      -23.1032954
     ],
     [
      -47.2493042,
      -23.1034705
     ],
     [
      -47.2492149,
      -23.1035662
     ],
     [
      -47.2491176,
      -23.1036597
     ],
     [
      -47.248806,
      -23.1039627
     ],
     [
      -47.2487098,
      -23.1040322
     ],
     [
      -47.2485897,
      -23.1041174
     ],
     [
      -47.2484171,
      -23.1041862
     ],
     [
      -47.2481982,
      -23.1042333
     ],
     [
      -47.2476817,
      -23.1043322
     ],
     [
      -47.2475294,
      -23.1043579
     ],
     [
      -47.2470566,
      -23.1044484
     ],
     [
      -47.2466255,
      -23.1045278
     ],
     [
      -47.2461151,
      -23.1046358
     ],
     [
      -47.2457684,
      -23.1046994
     ],
     [
      -47.2455586,
      -23.1047115
     ],
     [
      -47.2453576,
      -23.1047039
     ],
     [
      -47.2451784,
      -23.1046775
     ],
     [
      -47.2449564,
      -23.1046176
     ],
     [
      -47.2447904,
      -23.1045639
     ],
     [
      -47.2445615,
      -23.1044964
     ],
     [
      -47.2443286,
      -23.1044431
     ],
     [
      -47.2442941,
      -23.1044352
     ],
     [
      -47.2440618,
      -23.1044222
     ],
     [
      -47.244026,
      -23.1044235
     ],
     [
      -47.2438221,
      -23.1044306
     ],
     [
      -47.2436603,
      -23.1044518
     ],
     [
      -47.2434414,
      -23.1045091
     ],
     [
      -47.2431715,
      -23.1046184
     ],
     [
      -47.242855,
      -23.1047378
     ],
     [
      -47.2427677,
      -23.1047707
     ],
     [
      -47.242617,
      -23.1048479
     ],
     [
      -47.2424816,
      -23.1049271
     ],
     [
      -47.2423434,
      -23.1049923
     ],
     [
      -47.2423251,
      -23.1050009
     ],
     [
      -47.2421951,
      -23.105072
     ],
     [
      -47.2420842,
      -23.1051262
     ],
     [
      -47.2419704,
      -23.10517
     ],
     [
      -47.2416742,
      -23.1052821
     ],
     [
      -47.2413607,
      -23.105395
     ],
     [
      -47.2408651,
      -23.1055535
     ],
     [
      -47.2404524,
      -23.105678
     ],
     [
      -47.24029,
      -23.1057091
     ],
     [
      -47.2401233,
      -23.1057232
     ],
     [
      -47.239671,
      -23.1057386
     ],
     [
      -47.2389943,
      -23.1057257
     ],
     [
      -47.2388793,
      -23.1057171
     ],
     [
      -47.238766,
      -23.1057142
     ],
     [
      -47.2385933,
      -23.1057054
     ],
     [
      -47.2381525,
      -23.1056887
     ],
     [
      -47.2380305,
      -23.1056969
     ],
     [
      -47.2379208,
      -23.1057247
     ],
     [
      -47.2378985,
      -23.1058036
     ]
    ]
   }
  },
  {
   "type": "Feature",
   "properties": {
    "nome": "Ciclovia",
    "tipo": "ciclovia",
    "fonte": "OpenStreetMap",
    "osm_id": 1531711619
   },
   "geometry": {
    "type": "LineString",
    "coordinates": [
     [
      -47.2511297,
      -23.1509069
     ],
     [
      -47.2512223,
      -23.1508158
     ],
     [
      -47.2513456,
      -23.1507955
     ],
     [
      -47.2516628,
      -23.1505484
     ],
     [
      -47.2516981,
      -23.1504735
     ],
     [
      -47.2520021,
      -23.1502669
     ],
     [
      -47.2521056,
      -23.1502831
     ],
     [
      -47.2523017,
      -23.1501859
     ],
     [
      -47.2524537,
      -23.1501433
     ],
     [
      -47.2525396,
      -23.1500522
     ],
     [
      -47.2529361,
      -23.149963
     ],
     [
      -47.2530441,
      -23.1499873
     ],
     [
      -47.2531829,
      -23.1499165
     ],
     [
      -47.2532263,
      -23.1499439
     ]
    ]
   }
  },
  {
   "type": "Feature",
   "properties": {
    "nome": "Ciclovia",
    "tipo": "ciclovia",
    "fonte": "OpenStreetMap",
    "osm_id": 1531711618
   },
   "geometry": {
    "type": "LineString",
    "coordinates": [
     [
      -47.2490253,
      -23.1536876
     ],
     [
      -47.2490898,
      -23.153611
     ],
     [
      -47.2493586,
      -23.1533254
     ],
     [
      -47.2493718,
      -23.1532282
     ],
     [
      -47.2496317,
      -23.1529264
     ],
     [
      -47.2497507,
      -23.1528737
     ],
     [
      -47.2500217,
      -23.152497
     ],
     [
      -47.2500195,
      -23.1523896
     ],
     [
      -47.2502794,
      -23.1519319
     ],
     [
      -47.2503851,
      -23.1518853
     ],
     [
      -47.2507222,
      -23.1514174
     ]
    ]
   }
  },
  {
   "type": "Feature",
   "properties": {
    "nome": "Ciclovia",
    "tipo": "ciclovia",
    "fonte": "OpenStreetMap",
    "osm_id": 1531711620
   },
   "geometry": {
    "type": "LineString",
    "coordinates": [
     [
      -47.2507222,
      -23.1514174
     ],
     [
      -47.2508541,
      -23.1512522
     ],
     [
      -47.2510046,
      -23.1510637
     ],
     [
      -47.2511297,
      -23.1509069
     ]
    ]
   }
  },
  {
   "type": "Feature",
   "properties": {
    "nome": "Ciclovia do Parque Ecológico",
    "tipo": "ciclovia",
    "fonte": "OpenStreetMap",
    "osm_id": 551974657
   },
   "geometry": {
    "type": "LineString",
    "coordinates": [
     [
      -47.2338475,
      -23.1285795
     ],
     [
      -47.2341778,
      -23.1289359
     ],
     [
      -47.2345643,
      -23.1293184
     ],
     [
      -47.2347752,
      -23.1295219
     ],
     [
      -47.2349143,
      -23.1296198
     ],
     [
      -47.2350731,
      -23.1296875
     ],
     [
      -47.2353878,
      -23.1297762
     ],
     [
      -47.2357105,
      -23.1298666
     ],
     [
      -47.2359958,
      -23.1299414
     ],
     [
      -47.2366408,
      -23.1301308
     ],
     [
      -47.2368716,
      -23.1302168
     ],
     [
      -47.2370696,
      -23.1303386
     ],
     [
      -47.2374334,
      -23.1305953
     ],
     [
      -47.2378038,
      -23.1308298
     ],
     [
      -47.2378945,
      -23.1308912
     ],
     [
      -47.2379357,
      -23.1309523
     ],
     [
      -47.2379686,
      -23.1310668
     ],
     [
      -47.2380518,
      -23.1313843
     ],
     [
      -47.2381195,
      -23.1316181
     ],
     [
      -47.2383179,
      -23.1322054
     ],
     [
      -47.2383547,
      -23.1323051
     ],
     [
      -47.2384156,
      -23.1324431
     ],
     [
      -47.2384924,
      -23.1325739
     ],
     [
      -47.2386176,
      -23.1327069
     ],
     [
      -47.2393178,
      -23.1332426
     ],
     [
      -47.2399869,
      -23.1337634
     ],
     [
      -47.2407804,
      -23.1343614
     ],
     [
      -47.240938,
      -23.1345037
     ],
     [
      -47.2409521,
      -23.1345542
     ],
     [
      -47.2409371,
      -23.1346237
     ],
     [
      -47.2409183,
      -23.134668
     ]
    ]
   }
  },
  {
   "type": "Feature",
   "properties": {
    "nome": "Ciclovia",
    "tipo": "ciclovia",
    "fonte": "OpenStreetMap",
    "osm_id": 782091547
   },
   "geometry": {
    "type": "LineString",
    "coordinates": [
     [
      -47.2419995,
      -23.1343884
     ],
     [
      -47.2422675,
      -23.1341255
     ],
     [
      -47.2427117,
      -23.1337692
     ],
     [
      -47.2430862,
      -23.1334493
     ],
     [
      -47.243447,
      -23.1331613
     ],
     [
      -47.2438303,
      -23.1328466
     ],
     [
      -47.2442456,
      -23.1325285
     ],
     [
      -47.2444573,
      -23.1326106
     ],
     [
      -47.2444578,
      -23.132436
     ],
     [
      -47.2445657,
      -23.1322741
     ],
     [
      -47.2449259,
      -23.1319857
     ],
     [
      -47.2453027,
      -23.1316721
     ],
     [
      -47.2456472,
      -23.1312681
     ],
     [
      -47.2457343,
      -23.1311497
     ],
     [
      -47.2459816,
      -23.1307502
     ],
     [
      -47.2461503,
      -23.1305604
     ],
     [
      -47.2462516,
      -23.1305257
     ],
     [
      -47.2465515,
      -23.1307036
     ],
     [
      -47.2464366,
      -23.1308303
     ],
     [
      -47.2461353,
      -23.1311856
     ],
     [
      -47.2458848,
      -23.1315407
     ],
     [
      -47.2457322,
      -23.1317554
     ],
     [
      -47.2456761,
      -23.1318958
     ],
     [
      -47.2457156,
      -23.13202
     ],
     [
      -47.2457648,
      -23.1321331
     ],
     [
      -47.2457529,
      -23.1322427
     ],
     [
      -47.2457215,
      -23.1323567
     ],
     [
      -47.2454575,
      -23.1326214
     ],
     [
      -47.2452233,
      -23.1328057
     ],
     [
      -47.245065,
      -23.1330085
     ],
     [
      -47.2449,
      -23.133039
     ],
     [
      -47.2448073,
      -23.1329842
     ],
     [
      -47.2446796,
      -23.1328828
     ],
     [
      -47.2444823,
      -23.1331149
     ],
     [
      -47.2443197,
      -23.1332133
     ],
     [
      -47.2441805,
      -23.1333178
     ],
     [
      -47.2440604,
      -23.1334287
     ],
     [
      -47.2437126,
      -23.1337349
     ],
     [
      -47.2433523,
      -23.1340732
     ],
     [
      -47.2429401,
      -23.1343606
     ],
     [
      -47.2428453,
      -23.1344188
     ],
     [
      -47.2424081,
      -23.1346872
     ],
     [
      -47.2421742,
      -23.1348721
     ],
     [
      -47.2420611,
      -23.1348703
     ],
     [
      -47.2419612,
      -23.1347958
     ]
    ]
   }
  },
  {
   "type": "Feature",
   "properties": {
    "nome": "Ciclovia do Parque Ecológico",
    "tipo": "ciclovia",
    "fonte": "OpenStreetMap",
    "osm_id": 845567806
   },
   "geometry": {
    "type": "LineString",
    "coordinates": [
     [
      -47.240677,
      -23.1348635
     ],
     [
      -47.2406184,
      -23.1348947
     ],
     [
      -47.2405216,
      -23.1349256
     ],
     [
      -47.2403923,
      -23.1349293
     ],
     [
      -47.2402483,
      -23.134886
     ],
     [
      -47.2400264,
      -23.134693
     ],
     [
      -47.2397305,
      -23.1344224
     ],
     [
      -47.2396172,
      -23.1343301
     ],
     [
      -47.2390803,
      -23.1339039
     ],
     [
      -47.2382711,
      -23.1332691
     ],
     [
      -47.2379395,
      -23.133004
     ],
     [
      -47.2375075,
      -23.1326586
     ],
     [
      -47.2373923,
      -23.1325581
     ],
     [
      -47.237357,
      -23.1325153
     ],
     [
      -47.2373518,
      -23.1324635
     ],
     [
      -47.2373595,
      -23.1324071
     ],
     [
      -47.2373823,
      -23.1323582
     ],
     [
      -47.2374241,
      -23.1323055
     ],
     [
      -47.2374232,
      -23.132226
     ],
     [
      -47.2373093,
      -23.1318742
     ],
     [
      -47.2372667,
      -23.1318374
     ],
     [
      -47.2371396,
      -23.1317355
     ]
    ]
   }
  },
  {
   "type": "Feature",
   "properties": {
    "nome": "Ciclovia",
    "tipo": "ciclovia",
    "fonte": "OpenStreetMap",
    "osm_id": 782091544
   },
   "geometry": {
    "type": "LineString",
    "coordinates": [
     [
      -47.2419612,
      -23.1347958
     ],
     [
      -47.2418801,
      -23.1347354
     ]
    ]
   }
  },
  {
   "type": "Feature",
   "properties": {
    "nome": "Ciclovia",
    "tipo": "ciclovia",
    "fonte": "OpenStreetMap",
    "osm_id": 782091545
   },
   "geometry": {
    "type": "LineString",
    "coordinates": [
     [
      -47.2444573,
      -23.1326106
     ],
     [
      -47.2446796,
      -23.1328828
     ]
    ]
   }
  },
  {
   "type": "Feature",
   "properties": {
    "nome": "Ciclovia",
    "tipo": "ciclovia",
    "fonte": "OpenStreetMap",
    "osm_id": 782091548
   },
   "geometry": {
    "type": "LineString",
    "coordinates": [
     [
      -47.2418801,
      -23.1347354
     ],
     [
      -47.241799,
      -23.134675
     ],
     [
      -47.2418086,
      -23.1345365
     ],
     [
      -47.2419995,
      -23.1343884
     ]
    ]
   }
  },
  {
   "type": "Feature",
   "properties": {
    "nome": "Ciclovia do Parque Ecológico",
    "tipo": "ciclovia",
    "fonte": "OpenStreetMap",
    "osm_id": 800239961
   },
   "geometry": {
    "type": "LineString",
    "coordinates": [
     [
      -47.2409183,
      -23.134668
     ],
     [
      -47.240677,
      -23.1348635
     ]
    ]
   }
  },
  {
   "type": "Feature",
   "properties": {
    "nome": "Ciclovia",
    "tipo": "ciclovia",
    "fonte": "OpenStreetMap",
    "osm_id": 1283640594
   },
   "geometry": {
    "type": "LineString",
    "coordinates": [
     [
      -47.2442456,
      -23.1325285
     ],
     [
      -47.2445657,
      -23.1322741
     ]
    ]
   }
  },
  {
   "type": "Feature",
   "properties": {
    "nome": "Ciclovia",
    "tipo": "ciclovia",
    "fonte": "OpenStreetMap",
    "osm_id": 1283640595
   },
   "geometry": {
    "type": "LineString",
    "coordinates": [
     [
      -47.2444823,
      -23.1331149
     ],
     [
      -47.2449,
      -23.133039
     ]
    ]
   }
  },
  {
   "type": "Feature",
   "properties": {
    "nome": "Avenida Horst Frederico João Heer",
    "tipo": "ciclofaixa",
    "fonte": "OpenStreetMap",
    "osm_id": 1525871774
   },
   "geometry": {
    "type": "LineString",
    "coordinates": [
     [
      -47.2755429,
      -23.0991595
     ],
     [
      -47.2760823,
      -23.1001042
     ],
     [
      -47.2772129,
      -23.1020845
     ],
     [
      -47.2772954,
      -23.1022689
     ],
     [
      -47.2773524,
      -23.1024662
     ],
     [
      -47.2773745,
      -23.102671
     ],
     [
      -47.2773685,
      -23.1028733
     ],
     [
      -47.2773443,
      -23.1030442
     ],
     [
      -47.2773068,
      -23.1032193
     ],
     [
      -47.2772437,
      -23.1034031
     ],
     [
      -47.2772169,
      -23.1034545
     ],
     [
      -47.2771777,
      -23.1035295
     ],
     [
      -47.2770857,
      -23.1036699
     ],
     [
      -47.277001,
      -23.1037991
     ],
     [
      -47.2765718,
      -23.1043542
     ],
     [
      -47.276486,
      -23.104538
     ],
     [
      -47.2764337,
      -23.1047168
     ],
     [
      -47.2764082,
      -23.1049179
     ],
     [
      -47.2764257,
      -23.1051301
     ],
     [
      -47.276478,
      -23.1053237
     ]
    ]
   }
  },
  {
   "type": "Feature",
   "properties": {
    "nome": "Avenida Horst Frederico João Heer",
    "tipo": "ciclofaixa",
    "fonte": "OpenStreetMap",
    "osm_id": 1525871775
   },
   "geometry": {
    "type": "LineString",
    "coordinates": [
     [
      -47.2762845,
      -23.1053765
     ],
     [
      -47.276254,
      -23.1051546
     ],
     [
      -47.2762411,
      -23.1048996
     ],
     [
      -47.2762741,
      -23.10469
     ],
     [
      -47.2763707,
      -23.1044664
     ],
     [
      -47.2764713,
      -23.1042691
     ],
     [
      -47.2768843,
      -23.1037497
     ],
     [
      -47.2769983,
      -23.1035894
     ],
     [
      -47.2770677,
      -23.103456
     ],
     [
      -47.2770922,
      -23.1034118
     ],
     [
      -47.2771592,
      -23.1032292
     ],
     [
      -47.2772102,
      -23.1030257
     ],
     [
      -47.2772384,
      -23.1028011
     ],
     [
      -47.277231,
      -23.1025773
     ],
     [
      -47.2771794,
      -23.1023447
     ],
     [
      -47.2770855,
      -23.1021363
     ],
     [
      -47.2759623,
      -23.1001605
     ],
     [
      -47.2754126,
      -23.0991935
     ]
    ]
   }
  },
  {
   "type": "Feature",
   "properties": {
    "nome": "Avenida Josué Ferreira da Silva",
    "tipo": "ciclofaixa",
    "fonte": "OpenStreetMap",
    "osm_id": 379864876
   },
   "geometry": {
    "type": "LineString",
    "coordinates": [
     [
      -47.2586774,
      -23.1177503
     ],
     [
      -47.2585233,
      -23.1177547
     ],
     [
      -47.2583637,
      -23.1177337
     ],
     [
      -47.2582175,
      -23.117709
     ],
     [
      -47.2580566,
      -23.1176979
     ],
     [
      -47.2578921,
      -23.1176906
     ],
     [
      -47.2578621,
      -23.1176893
     ],
     [
      -47.2576796,
      -23.1177076
     ],
     [
      -47.2572365,
      -23.1177866
     ],
     [
      -47.257155,
      -23.1178017
     ],
     [
      -47.2570767,
      -23.1178275
     ],
     [
      -47.2570033,
      -23.1178632
     ],
     [
      -47.2569361,
      -23.1179083
     ],
     [
      -47.2563939,
      -23.1183748
     ],
     [
      -47.2561774,
      -23.1185939
     ]
    ]
   }
  },
  {
   "type": "Feature",
   "properties": {
    "nome": "Avenida Luiz Bruno Petrilli",
    "tipo": "ciclofaixa",
    "fonte": "OpenStreetMap",
    "osm_id": 634187314
   },
   "geometry": {
    "type": "LineString",
    "coordinates": [
     [
      -47.2632084,
      -23.1178938
     ],
     [
      -47.2630819,
      -23.1179515
     ],
     [
      -47.2630079,
      -23.1179643
     ],
     [
      -47.2625218,
      -23.1180292
     ],
     [
      -47.2620291,
      -23.1180949
     ],
     [
      -47.2611317,
      -23.1182147
     ],
     [
      -47.2610196,
      -23.1182296
     ],
     [
      -47.2609717,
      -23.1182305
     ],
     [
      -47.2609064,
      -23.1182317
     ],
     [
      -47.2608418,
      -23.1182263
     ],
     [
      -47.2586774,
      -23.1177503
     ],
     [
      -47.2586613,
      -23.1177455
     ],
     [
      -47.2586113,
      -23.1177266
     ],
     [
      -47.258463,
      -23.1176509
     ],
     [
      -47.2583308,
      -23.1175532
     ],
     [
      -47.2582185,
      -23.1174363
     ],
     [
      -47.2581294,
      -23.1173035
     ],
     [
      -47.258007,
      -23.1169703
     ]
    ]
   }
  },
  {
   "type": "Feature",
   "properties": {
    "nome": "Avenida Luiz Bruno Petrilli",
    "tipo": "ciclofaixa",
    "fonte": "OpenStreetMap",
    "osm_id": 1558967288
   },
   "geometry": {
    "type": "LineString",
    "coordinates": [
     [
      -47.2587969,
      -23.1176054
     ],
     [
      -47.2592403,
      -23.1177026
     ],
     [
      -47.2608621,
      -23.1180581
     ],
     [
      -47.2609432,
      -23.1180701
     ],
     [
      -47.2610252,
      -23.1180701
     ],
     [
      -47.2611062,
      -23.1180581
     ],
     [
      -47.2619821,
      -23.1179316
     ],
     [
      -47.2620385,
      -23.1179235
     ],
     [
      -47.2625041,
      -23.1178631
     ],
     [
      -47.262855,
      -23.1178176
     ],
     [
      -47.2630771,
      -23.1177429
     ]
    ]
   }
  },
  {
   "type": "Feature",
   "properties": {
    "nome": "Ciclovia",
    "tipo": "ciclovia",
    "fonte": "OpenStreetMap",
    "osm_id": 782091533
   },
   "geometry": {
    "type": "LineString",
    "coordinates": [
     [
      -47.2511086,
      -23.1270451
     ],
     [
      -47.2512023,
      -23.1273237
     ],
     [
      -47.2512659,
      -23.1276615
     ],
     [
      -47.2512698,
      -23.1278057
     ],
     [
      -47.2510892,
      -23.1279535
     ],
     [
      -47.2508649,
      -23.1281178
     ],
     [
      -47.2506743,
      -23.1281598
     ],
     [
      -47.25045,
      -23.128326
     ],
     [
      -47.2502634,
      -23.1284683
     ],
     [
      -47.2500192,
      -23.1286619
     ],
     [
      -47.2498842,
      -23.1287403
     ],
     [
      -47.2497453,
      -23.1287696
     ],
     [
      -47.2496679,
      -23.1286947
     ],
     [
      -47.2496024,
      -23.1285468
     ],
     [
      -47.2495865,
      -23.1284446
     ],
     [
      -47.2495865,
      -23.128346
     ],
     [
      -47.2497612,
      -23.1282292
     ],
     [
      -47.2499259,
      -23.1281416
     ],
     [
      -47.250045,
      -23.1280521
     ],
     [
      -47.2501979,
      -23.1279901
     ],
     [
      -47.2503547,
      -23.127917
     ],
     [
      -47.2505334,
      -23.127928
     ],
     [
      -47.2506465,
      -23.1279901
     ],
     [
      -47.2507001,
      -23.1280832
     ],
     [
      -47.2506743,
      -23.1281598
     ]
    ]
   }
  },
  {
   "type": "Feature",
   "properties": {
    "nome": "Ciclovia",
    "tipo": "ciclovia",
    "fonte": "OpenStreetMap",
    "osm_id": 782091535
   },
   "geometry": {
    "type": "LineString",
    "coordinates": [
     [
      -47.2495448,
      -23.1287878
     ],
     [
      -47.2496282,
      -23.1289977
     ],
     [
      -47.249523,
      -23.1291639
     ],
     [
      -47.2493979,
      -23.1293464
     ],
     [
      -47.249253,
      -23.1294176
     ],
     [
      -47.2491098,
      -23.1293989
     ],
     [
      -47.2489876,
      -23.1292868
     ],
     [
      -47.2489409,
      -23.1291773
     ],
     [
      -47.2490009,
      -23.1290799
     ],
     [
      -47.2491776,
      -23.128932
     ],
     [
      -47.2492808,
      -23.1288207
     ],
     [
      -47.2494098,
      -23.1287002
     ],
     [
      -47.2494614,
      -23.12866
     ],
     [
      -47.2495448,
      -23.1287878
     ]
    ]
   }
  },
  {
   "type": "Feature",
   "properties": {
    "nome": "Ciclovia",
    "tipo": "ciclovia",
    "fonte": "OpenStreetMap",
    "osm_id": 782091536
   },
   "geometry": {
    "type": "LineString",
    "coordinates": [
     [
      -47.2486629,
      -23.1300973
     ],
     [
      -47.2483657,
      -23.1299507
     ],
     [
      -47.2481178,
      -23.1298965
     ],
     [
      -47.2480481,
      -23.1298813
     ],
     [
      -47.247794,
      -23.1298594
     ],
     [
      -47.2475498,
      -23.1298576
     ],
     [
      -47.2474089,
      -23.129905
     ],
     [
      -47.2473453,
      -23.1300273
     ],
     [
      -47.2474009,
      -23.1301405
     ],
     [
      -47.2475577,
      -23.1302281
     ],
     [
      -47.2477265,
      -23.130272
     ],
     [
      -47.2478932,
      -23.1302811
     ],
     [
      -47.2480302,
      -23.1302409
     ],
     [
      -47.2481255,
      -23.1301533
     ],
     [
      -47.2481612,
      -23.1300602
     ],
     [
      -47.2481394,
      -23.1299361
     ],
     [
      -47.2481178,
      -23.1298965
     ]
    ]
   }
  },
  {
   "type": "Feature",
   "properties": {
    "nome": "Ciclovia",
    "tipo": "ciclovia",
    "fonte": "OpenStreetMap",
    "osm_id": 782091537
   },
   "geometry": {
    "type": "LineString",
    "coordinates": [
     [
      -47.2481255,
      -23.1301533
     ],
     [
      -47.2483657,
      -23.1299507
     ]
    ]
   }
  },
  {
   "type": "Feature",
   "properties": {
    "nome": "Ciclovia",
    "tipo": "ciclovia",
    "fonte": "OpenStreetMap",
    "osm_id": 782091542
   },
   "geometry": {
    "type": "LineString",
    "coordinates": [
     [
      -47.2502634,
      -23.1284683
     ],
     [
      -47.250315,
      -23.1285633
     ],
     [
      -47.2503349,
      -23.128629
     ],
     [
      -47.2503245,
      -23.1288013
     ]
    ]
   }
  },
  {
   "type": "Feature",
   "properties": {
    "nome": "Ciclovia",
    "tipo": "ciclovia",
    "fonte": "OpenStreetMap",
    "osm_id": 782091543
   },
   "geometry": {
    "type": "LineString",
    "coordinates": [
     [
      -47.2498842,
      -23.1287403
     ],
     [
      -47.2496934,
      -23.128931
     ],
     [
      -47.2496282,
      -23.1289977
     ]
    ]
   }
  },
  {
   "type": "Feature",
   "properties": {
    "nome": "Ciclovia",
    "tipo": "ciclovia",
    "fonte": "OpenStreetMap",
    "osm_id": 796945299
   },
   "geometry": {
    "type": "LineString",
    "coordinates": [
     [
      -47.2466806,
      -23.1305911
     ],
     [
      -47.246833,
      -23.1306267
     ],
     [
      -47.247045,
      -23.1304891
     ],
     [
      -47.2472147,
      -23.1303148
     ],
     [
      -47.2474009,
      -23.1301405
     ]
    ]
   }
  },
  {
   "type": "Feature",
   "properties": {
    "nome": "Ciclovia",
    "tipo": "ciclovia",
    "fonte": "OpenStreetMap",
    "osm_id": 796945300
   },
   "geometry": {
    "type": "LineString",
    "coordinates": [
     [
      -47.2461503,
      -23.1305604
     ],
     [
      -47.2462099,
      -23.1304738
     ],
     [
      -47.2463022,
      -23.1303762
     ],
     [
      -47.246378,
      -23.130259
     ],
     [
      -47.2465797,
      -23.1299537
     ],
     [
      -47.2468274,
      -23.1295876
     ],
     [
      -47.2469274,
      -23.1293845
     ],
     [
      -47.2470555,
      -23.1290992
     ],
     [
      -47.2471823,
      -23.128863
     ],
     [
      -47.2472757,
      -23.1287862
     ],
     [
      -47.2473771,
      -23.128764
     ]
    ]
   }
  },
  {
   "type": "Feature",
   "properties": {
    "nome": "Ciclovia",
    "tipo": "ciclovia",
    "fonte": "OpenStreetMap",
    "osm_id": 796945301
   },
   "geometry": {
    "type": "LineString",
    "coordinates": [
     [
      -47.2473453,
      -23.1300273
     ],
     [
      -47.2471309,
      -23.1297355
     ],
     [
      -47.2470446,
      -23.1297172
     ],
     [
      -47.2469292,
      -23.1296444
     ],
     [
      -47.2468274,
      -23.1295876
     ]
    ]
   }
  },
  {
   "type": "Feature",
   "properties": {
    "nome": "Ciclovia",
    "tipo": "ciclovia",
    "fonte": "OpenStreetMap",
    "osm_id": 1283640590
   },
   "geometry": {
    "type": "LineString",
    "coordinates": [
     [
      -47.2465515,
      -23.1307036
     ],
     [
      -47.2466806,
      -23.1305911
     ]
    ]
   }
  },
  {
   "type": "Feature",
   "properties": {
    "nome": "Ciclovia",
    "tipo": "ciclovia",
    "fonte": "OpenStreetMap",
    "osm_id": 1283640592
   },
   "geometry": {
    "type": "LineString",
    "coordinates": [
     [
      -47.2465515,
      -23.1307036
     ],
     [
      -47.2465547,
      -23.1305501
     ],
     [
      -47.2466806,
      -23.1305911
     ],
     [
      -47.2465983,
      -23.1305017
     ],
     [
      -47.2465727,
      -23.1304244
     ],
     [
      -47.2465577,
      -23.1303442
     ],
     [
      -47.2466253,
      -23.1301991
     ],
     [
      -47.2468612,
      -23.1298048
     ],
     [
      -47.2469292,
      -23.1296444
     ]
    ]
   }
  },
  {
   "type": "Feature",
   "properties": {
    "nome": "Ciclovia",
    "tipo": "ciclovia",
    "fonte": "OpenStreetMap",
    "osm_id": 1283640593
   },
   "geometry": {
    "type": "LineString",
    "coordinates": [
     [
      -47.2465547,
      -23.1305501
     ],
     [
      -47.2465186,
      -23.1305146
     ],
     [
      -47.2463022,
      -23.1303762
     ]
    ]
   }
  },
  {
   "type": "Feature",
   "properties": {
    "nome": "Ciclovia",
    "tipo": "ciclovia",
    "fonte": "OpenStreetMap",
    "osm_id": 1283640596
   },
   "geometry": {
    "type": "LineString",
    "coordinates": [
     [
      -47.2475498,
      -23.1298576
     ],
     [
      -47.2471309,
      -23.1297355
     ]
    ]
   }
  },
  {
   "type": "Feature",
   "properties": {
    "nome": "Ciclovia",
    "tipo": "ciclovia",
    "fonte": "OpenStreetMap",
    "osm_id": 506315333
   },
   "geometry": {
    "type": "LineString",
    "coordinates": [
     [
      -47.247143,
      -23.1245939
     ],
     [
      -47.2471067,
      -23.1244094
     ],
     [
      -47.2469999,
      -23.1239173
     ],
     [
      -47.2468257,
      -23.1231149
     ],
     [
      -47.2468125,
      -23.1230001
     ],
     [
      -47.2468083,
      -23.122963
     ],
     [
      -47.2468373,
      -23.1228564
     ],
     [
      -47.2469734,
      -23.1226871
     ],
     [
      -47.247113,
      -23.1225477
     ],
     [
      -47.2472048,
      -23.1224613
     ],
     [
      -47.247246,
      -23.1224218
     ],
     [
      -47.2473154,
      -23.1224157
     ],
     [
      -47.2473925,
      -23.1224484
     ],
     [
      -47.2474329,
      -23.1225176
     ],
     [
      -47.2475058,
      -23.1227622
     ],
     [
      -47.2475877,
      -23.1228235
     ],
     [
      -47.2476967,
      -23.1228792
     ],
     [
      -47.2477799,
      -23.1229249
     ],
     [
      -47.2479272,
      -23.1229683
     ],
     [
      -47.2480306,
      -23.1229838
     ],
     [
      -47.2480813,
      -23.1229925
     ],
     [
      -47.248132,
      -23.1229955
     ],
     [
      -47.2482367,
      -23.1229977
     ],
     [
      -47.2483389,
      -23.1229924
     ],
     [
      -47.2485185,
      -23.1229763
     ],
     [
      -47.2486058,
      -23.1229655
     ],
     [
      -47.2487387,
      -23.1229775
     ],
     [
      -47.2487629,
      -23.1229796
     ],
     [
      -47.2488587,
      -23.1229792
     ],
     [
      -47.2489128,
      -23.122979
     ],
     [
      -47.2489998,
      -23.1229788
     ],
     [
      -47.2490458,
      -23.1229783
     ],
     [
      -47.249066,
      -23.1229819
     ],
     [
      -47.2490914,
      -23.1229864
     ],
     [
      -47.2491358,
      -23.1230112
     ],
     [
      -47.2491768,
      -23.1230419
     ],
     [
      -47.2492065,
      -23.1230938
     ],
     [
      -47.2492144,
      -23.1231468
     ],
     [
      -47.2492171,
      -23.1232098
     ],
     [
      -47.2492104,
      -23.1233203
     ],
     [
      -47.2491991,
      -23.1234282
     ],
     [
      -47.2491694,
      -23.1235177
     ],
     [
      -47.2491219,
      -23.1235907
     ],
     [
      -47.2490494,
      -23.123623
     ],
     [
      -47.2488947,
      -23.1236766
     ],
     [
      -47.2487695,
      -23.1237431
     ],
     [
      -47.2486175,
      -23.1238079
     ],
     [
      -47.2484148,
      -23.1239233
     ],
     [
      -47.2483007,
      -23.1240013
     ],
     [
      -47.2482154,
      -23.1240451
     ],
     [
      -47.2482099,
      -23.1242275
     ],
     [
      -47.2482485,
      -23.1244939
     ],
     [
      -47.248286,
      -23.1248594
     ],
     [
      -47.248304,
      -23.1250598
     ],
     [
      -47.2482996,
      -23.1253737
     ],
     [
      -47.2482406,
      -23.1255518
     ],
     [
      -47.2481689,
      -23.125625
     ],
     [
      -47.24814,
      -23.125709
     ],
     [
      -47.2481182,
      -23.1257705
     ],
     [
      -47.248079,
      -23.1258366
     ],
     [
      -47.2478636,
      -23.1259281
     ],
     [
      -47.2473611,
      -23.1261427
     ],
     [
      -47.2473154,
      -23.1261307
     ],
     [
      -47.2472958,
      -23.1259761
     ],
     [
      -47.247286,
      -23.1256985
     ],
     [
      -47.2472697,
      -23.1253474
     ],
     [
      -47.2472632,
      -23.1251208
     ],
     [
      -47.2472191,
      -23.1248807
     ],
     [
      -47.247143,
      -23.1245939
     ]
    ]
   }
  },
  {
   "type": "Feature",
   "properties": {
    "nome": "Ciclovia",
    "tipo": "ciclovia",
    "fonte": "OpenStreetMap",
    "osm_id": 560775975
   },
   "geometry": {
    "type": "LineString",
    "coordinates": [
     [
      -47.2483667,
      -23.1228866
     ],
     [
      -47.2483389,
      -23.1229924
     ]
    ]
   }
  },
  {
   "type": "Feature",
   "properties": {
    "nome": "Ciclovia",
    "tipo": "ciclovia",
    "fonte": "OpenStreetMap",
    "osm_id": 1104807007
   },
   "geometry": {
    "type": "LineString",
    "coordinates": [
     [
      -47.2577374,
      -23.1147797
     ],
     [
      -47.2577485,
      -23.1148978
     ]
    ]
   }
  },
  {
   "type": "Feature",
   "properties": {
    "nome": "Avenida Luiz Bruno Petrilli",
    "tipo": "ciclofaixa",
    "fonte": "OpenStreetMap",
    "osm_id": 511591270
   },
   "geometry": {
    "type": "LineString",
    "coordinates": [
     [
      -47.2549209,
      -23.1015298
     ],
     [
      -47.2549314,
      -23.1016042
     ],
     [
      -47.2549306,
      -23.101644
     ],
     [
      -47.2549023,
      -23.1017968
     ],
     [
      -47.2549055,
      -23.1018885
     ],
     [
      -47.2549074,
      -23.1019425
     ],
     [
      -47.2549288,
      -23.1020357
     ],
     [
      -47.254947,
      -23.1021147
     ],
     [
      -47.2551074,
      -23.1027271
     ],
     [
      -47.2554675,
      -23.1039964
     ],
     [
      -47.2555755,
      -23.104224
     ],
     [
      -47.2557218,
      -23.1044626
     ],
     [
      -47.2557851,
      -23.1045355
     ],
     [
      -47.255918,
      -23.1046858
     ],
     [
      -47.2561502,
      -23.1048513
     ],
     [
      -47.2563513,
      -23.1049697
     ],
     [
      -47.2565686,
      -23.1051178
     ],
     [
      -47.2567666,
      -23.1052815
     ],
     [
      -47.2569377,
      -23.1054768
     ],
     [
      -47.2570468,
      -23.105652
     ],
     [
      -47.2571587,
      -23.1059213
     ],
     [
      -47.2572258,
      -23.1061983
     ],
     [
      -47.2572838,
      -23.1068052
     ],
     [
      -47.2573503,
      -23.1075104
     ],
     [
      -47.2574829,
      -23.1091363
     ],
     [
      -47.2575281,
      -23.1096301
     ],
     [
      -47.2575733,
      -23.1101231
     ],
     [
      -47.2576231,
      -23.1106661
     ],
     [
      -47.2576373,
      -23.1108215
     ],
     [
      -47.2576502,
      -23.1109621
     ],
     [
      -47.2576676,
      -23.1111544
     ],
     [
      -47.2577153,
      -23.1116792
     ],
     [
      -47.2577615,
      -23.1121872
     ],
     [
      -47.2578068,
      -23.112684
     ],
     [
      -47.257847,
      -23.1131529
     ],
     [
      -47.2578905,
      -23.1136478
     ],
     [
      -47.2579361,
      -23.114167
     ],
     [
      -47.2579823,
      -23.1146929
     ],
     [
      -47.2579902,
      -23.1147951
     ],
     [
      -47.2579945,
      -23.1148478
     ],
     [
      -47.2580213,
      -23.1151762
     ],
     [
      -47.2580611,
      -23.1156651
     ],
     [
      -47.2580853,
      -23.1159619
     ],
     [
      -47.258103,
      -23.1161769
     ],
     [
      -47.258147,
      -23.1167118
     ],
     [
      -47.2581598,
      -23.1168679
     ],
     [
      -47.2581941,
      -23.1170211
     ],
     [
      -47.2582676,
      -23.1171829
     ],
     [
      -47.2583403,
      -23.1172753
     ],
     [
      -47.2584435,
      -23.1173712
     ],
     [
      -47.258556,
      -23.1174721
     ],
     [
      -47.2586853,
      -23.1175542
     ],
     [
      -47.2587969,
      -23.1176054
     ]
    ]
   }
  },
  {
   "type": "Feature",
   "properties": {
    "nome": "Avenida Luiz Bruno Petrilli",
    "tipo": "ciclofaixa",
    "fonte": "OpenStreetMap",
    "osm_id": 511591288
   },
   "geometry": {
    "type": "LineString",
    "coordinates": [
     [
      -47.258007,
      -23.1169703
     ],
     [
      -47.2579801,
      -23.1168185
     ],
     [
      -47.2579063,
      -23.1159884
     ],
     [
      -47.2578041,
      -23.1148823
     ],
     [
      -47.2577956,
      -23.1147632
     ],
     [
      -47.2575182,
      -23.1114421
     ],
     [
      -47.2574634,
      -23.11083
     ],
     [
      -47.2570668,
      -23.1063994
     ],
     [
      -47.256998,
      -23.1060329
     ],
     [
      -47.256864,
      -23.1057157
     ],
     [
      -47.2566944,
      -23.1054736
     ],
     [
      -47.2564844,
      -23.10526
     ],
     [
      -47.2561562,
      -23.1050548
     ],
     [
      -47.2558947,
      -23.1048871
     ],
     [
      -47.2556922,
      -23.1047156
     ],
     [
      -47.2554843,
      -23.1044529
     ],
     [
      -47.2553609,
      -23.1042308
     ],
     [
      -47.2552724,
      -23.103957
     ],
     [
      -47.2548959,
      -23.1026415
     ],
     [
      -47.254776,
      -23.1022063
     ],
     [
      -47.2547642,
      -23.1020942
     ],
     [
      -47.2546602,
      -23.1016767
     ],
     [
      -47.2546596,
      -23.1015921
     ]
    ]
   }
  },
  {
   "type": "Feature",
   "properties": {
    "nome": "Avenida Ário Barnabé",
    "tipo": "ciclofaixa",
    "fonte": "OpenStreetMap",
    "osm_id": 169227412
   },
   "geometry": {
    "type": "LineString",
    "coordinates": [
     [
      -47.2439807,
      -23.1149442
     ],
     [
      -47.2436729,
      -23.1150194
     ],
     [
      -47.2425314,
      -23.115342
     ],
     [
      -47.240732,
      -23.1157679
     ],
     [
      -47.2406213,
      -23.1157971
     ],
     [
      -47.2391713,
      -23.1161782
     ],
     [
      -47.2390241,
      -23.1162188
     ],
     [
      -47.2389683,
      -23.1162335
     ],
     [
      -47.2388595,
      -23.1162608
     ],
     [
      -47.2374688,
      -23.1166099
     ],
     [
      -47.2373901,
      -23.1166289
     ],
     [
      -47.2372918,
      -23.1166556
     ],
     [
      -47.2357002,
      -23.1170819
     ],
     [
      -47.2356352,
      -23.1171
     ],
     [
      -47.2355251,
      -23.1171272
     ],
     [
      -47.2348229,
      -23.1173091
     ],
     [
      -47.2340439,
      -23.1175032
     ],
     [
      -47.2339598,
      -23.1175262
     ],
     [
      -47.2336222,
      -23.1176153
     ],
     [
      -47.2335235,
      -23.1176402
     ]
    ]
   }
  },
  {
   "type": "Feature",
   "properties": {
    "nome": "Avenida Ário Barnabé",
    "tipo": "ciclofaixa",
    "fonte": "OpenStreetMap",
    "osm_id": 506449170
   },
   "geometry": {
    "type": "LineString",
    "coordinates": [
     [
      -47.2335208,
      -23.1175366
     ],
     [
      -47.2336124,
      -23.1175161
     ],
     [
      -47.2339319,
      -23.117416
     ],
     [
      -47.2340168,
      -23.1173894
     ],
     [
      -47.2346367,
      -23.117222
     ],
     [
      -47.235491,
      -23.1169998
     ],
     [
      -47.2355986,
      -23.1169744
     ],
     [
      -47.2356645,
      -23.1169572
     ],
     [
      -47.2372549,
      -23.1165159
     ],
     [
      -47.2373468,
      -23.1164928
     ],
     [
      -47.2374303,
      -23.1164711
     ],
     [
      -47.2388199,
      -23.11612
     ],
     [
      -47.2389261,
      -23.1160932
     ],
     [
      -47.2389809,
      -23.116079
     ],
     [
      -47.2405787,
      -23.1156646
     ],
     [
      -47.240692,
      -23.1156352
     ],
     [
      -47.2424926,
      -23.1152054
     ],
     [
      -47.2436283,
      -23.1148998
     ],
     [
      -47.2439114,
      -23.1148285
     ]
    ]
   }
  },
  {
   "type": "Feature",
   "properties": {
    "nome": "Ciclovia do Parque Ecológico",
    "tipo": "ciclovia",
    "fonte": "OpenStreetMap",
    "osm_id": 1512632397
   },
   "geometry": {
    "type": "LineString",
    "coordinates": [
     [
      -47.2371396,
      -23.1317355
     ],
     [
      -47.2370786,
      -23.1316489
     ],
     [
      -47.2370461,
      -23.1315656
     ],
     [
      -47.2370467,
      -23.1314742
     ],
     [
      -47.2370808,
      -23.1313152
     ],
     [
      -47.2370904,
      -23.1312136
     ],
     [
      -47.2370889,
      -23.1311295
     ],
     [
      -47.2370504,
      -23.1310311
     ],
     [
      -47.2369468,
      -23.130921
     ],
     [
      -47.2367835,
      -23.1308049
     ],
     [
      -47.2364949,
      -23.1306772
     ],
     [
      -47.2362105,
      -23.130581
     ],
     [
      -47.2360927,
      -23.1305606
     ],
     [
      -47.2359609,
      -23.1305499
     ],
     [
      -47.2358334,
      -23.1305678
     ],
     [
      -47.2354296,
      -23.1306391
     ],
     [
      -47.2348694,
      -23.1308118
     ]
    ]
   }
  },
  {
   "type": "Feature",
   "properties": {
    "nome": "Ciclovia",
    "tipo": "ciclovia",
    "fonte": "OpenStreetMap",
    "osm_id": 1536019624
   },
   "geometry": {
    "type": "LineString",
    "coordinates": [
     [
      -47.2261363,
      -23.1264777
     ],
     [
      -47.2262104,
      -23.1267971
     ],
     [
      -47.2263569,
      -23.1272662
     ],
     [
      -47.2265303,
      -23.1277554
     ],
     [
      -47.2266399,
      -23.128008
     ],
     [
      -47.2266627,
      -23.1281027
     ],
     [
      -47.2266953,
      -23.1281982
     ],
     [
      -47.2268047,
      -23.1284815
     ],
     [
      -47.2269158,
      -23.1288375
     ],
     [
      -47.226991,
      -23.1291432
     ],
     [
      -47.2270993,
      -23.1295435
     ],
     [
      -47.2271784,
      -23.129768
     ],
     [
      -47.2272006,
      -23.1298305
     ],
     [
      -47.2272229,
      -23.1298933
     ],
     [
      -47.2273368,
      -23.1302384
     ],
     [
      -47.2274776,
      -23.1305424
     ],
     [
      -47.2277635,
      -23.1310169
     ],
     [
      -47.228036,
      -23.1314564
     ],
     [
      -47.2280632,
      -23.1315029
     ],
     [
      -47.2283308,
      -23.1319597
     ],
     [
      -47.2286681,
      -23.1324855
     ],
     [
      -47.2291461,
      -23.1330894
     ],
     [
      -47.2292511,
      -23.1332045
     ],
     [
      -47.2293203,
      -23.1332332
     ],
     [
      -47.2293895,
      -23.1332206
     ]
    ]
   }
  },
  {
   "type": "Feature",
   "properties": {
    "nome": "Ciclovia do Parque Ecológico",
    "tipo": "ciclovia",
    "fonte": "OpenStreetMap",
    "osm_id": 1536561729
   },
   "geometry": {
    "type": "LineString",
    "coordinates": [
     [
      -47.2348694,
      -23.1308118
     ],
     [
      -47.2347867,
      -23.1308357
     ],
     [
      -47.2346866,
      -23.1308017
     ],
     [
      -47.2338125,
      -23.1301122
     ],
     [
      -47.2335578,
      -23.1298898
     ],
     [
      -47.2333876,
      -23.1296652
     ],
     [
      -47.2332102,
      -23.1292523
     ],
     [
      -47.2330538,
      -23.1287909
     ]
    ]
   }
  },
  {
   "type": "Feature",
   "properties": {
    "nome": "Ciclofaixa",
    "tipo": "ciclofaixa",
    "fonte": "OpenStreetMap",
    "osm_id": 308995121
   },
   "geometry": {
    "type": "LineString",
    "coordinates": [
     [
      -47.2260229,
      -23.125231
     ],
     [
      -47.2260673,
      -23.1253826
     ],
     [
      -47.2261556,
      -23.1256641
     ],
     [
      -47.226232,
      -23.1259132
     ],
     [
      -47.2262711,
      -23.1260861
     ],
     [
      -47.2262589,
      -23.1261215
     ]
    ]
   }
  },
  {
   "type": "Feature",
   "properties": {
    "nome": "Ciclovia",
    "tipo": "ciclovia",
    "fonte": "OpenStreetMap",
    "osm_id": 1536019621
   },
   "geometry": {
    "type": "LineString",
    "coordinates": [
     [
      -47.2262589,
      -23.1261215
     ],
     [
      -47.2261423,
      -23.1261546
     ],
     [
      -47.2260981,
      -23.1261906
     ],
     [
      -47.2260827,
      -23.126223
     ],
     [
      -47.2260958,
      -23.1262852
     ],
     [
      -47.2261363,
      -23.1264777
     ],
     [
      -47.2260151,
      -23.1265036
     ],
     [
      -47.2259442,
      -23.1265188
     ],
     [
      -47.225905,
      -23.1263562
     ],
     [
      -47.2258807,
      -23.1262551
     ],
     [
      -47.2257853,
      -23.1258595
     ],
     [
      -47.2256682,
      -23.1254254
     ],
     [
      -47.2256926,
      -23.1253783
     ]
    ]
   }
  },
  {
   "type": "Feature",
   "properties": {
    "nome": "Rua Diamante",
    "tipo": "ciclofaixa",
    "fonte": "OpenStreetMap",
    "osm_id": 308995255
   },
   "geometry": {
    "type": "LineString",
    "coordinates": [
     [
      -47.2258276,
      -23.125662
     ],
     [
      -47.2257436,
      -23.125485
     ],
     [
      -47.2256926,
      -23.1253783
     ],
     [
      -47.2253813,
      -23.1243436
     ],
     [
      -47.2253547,
      -23.1242547
     ],
     [
      -47.2252893,
      -23.1241521
     ]
    ]
   }
  },
  {
   "type": "Feature",
   "properties": {
    "nome": "Avenida Ário Barnabé",
    "tipo": "ciclofaixa",
    "fonte": "OpenStreetMap",
    "osm_id": 507859991
   },
   "geometry": {
    "type": "LineString",
    "coordinates": [
     [
      -47.224404,
      -23.1198937
     ],
     [
      -47.2247484,
      -23.1198065
     ],
     [
      -47.225189,
      -23.1196803
     ],
     [
      -47.2256669,
      -23.1195542
     ],
     [
      -47.2272277,
      -23.1191505
     ],
     [
      -47.2280349,
      -23.1189426
     ],
     [
      -47.2280715,
      -23.1189336
     ],
     [
      -47.2288405,
      -23.1187292
     ],
     [
      -47.2297034,
      -23.1185034
     ],
     [
      -47.2306594,
      -23.1182582
     ],
     [
      -47.2319552,
      -23.1179294
     ],
     [
      -47.232064,
      -23.1179029
     ],
     [
      -47.2321847,
      -23.1178719
     ],
     [
      -47.2331102,
      -23.1176302
     ],
     [
      -47.2333981,
      -23.1175582
     ],
     [
      -47.2335208,
      -23.1175366
     ]
    ]
   }
  },
  {
   "type": "Feature",
   "properties": {
    "nome": "Avenida Ário Barnabé",
    "tipo": "ciclofaixa",
    "fonte": "OpenStreetMap",
    "osm_id": 864892530
   },
   "geometry": {
    "type": "LineString",
    "coordinates": [
     [
      -47.2335235,
      -23.1176402
     ],
     [
      -47.2334107,
      -23.1176729
     ],
     [
      -47.2330781,
      -23.1177546
     ],
     [
      -47.2328552,
      -23.117812
     ],
     [
      -47.2325709,
      -23.1178858
     ],
     [
      -47.2321898,
      -23.1179865
     ],
     [
      -47.2320769,
      -23.1180192
     ],
     [
      -47.2319666,
      -23.1180509
     ],
     [
      -47.2306979,
      -23.118371
     ],
     [
      -47.2298315,
      -23.1185942
     ],
     [
      -47.2288752,
      -23.1188399
     ],
     [
      -47.2281021,
      -23.1190418
     ],
     [
      -47.2272586,
      -23.1192656
     ],
     [
      -47.2256839,
      -23.1196599
     ],
     [
      -47.2252776,
      -23.1197627
     ],
     [
      -47.2246994,
      -23.1199043
     ],
     [
      -47.2245165,
      -23.1199533
     ],
     [
      -47.224434,
      -23.1199828
     ]
    ]
   }
  },
  {
   "type": "Feature",
   "properties": {
    "nome": "Rua Prata",
    "tipo": "ciclofaixa",
    "fonte": "OpenStreetMap",
    "osm_id": 930481821
   },
   "geometry": {
    "type": "LineString",
    "coordinates": [
     [
      -47.2252893,
      -23.1241521
     ],
     [
      -47.2251785,
      -23.1240548
     ],
     [
      -47.224678,
      -23.1236765
     ]
    ]
   }
  },
  {
   "type": "Feature",
   "properties": {
    "nome": "Ciclovia do Parque Ecológico",
    "tipo": "ciclovia",
    "fonte": "OpenStreetMap",
    "osm_id": 1502557159
   },
   "geometry": {
    "type": "LineString",
    "coordinates": [
     [
      -47.233026,
      -23.1284106
     ],
     [
      -47.2329566,
      -23.1279593
     ],
     [
      -47.232872,
      -23.1275654
     ],
     [
      -47.2328236,
      -23.1272847
     ],
     [
      -47.2328281,
      -23.1271758
     ],
     [
      -47.2328108,
      -23.1271087
     ],
     [
      -47.2327744,
      -23.1269991
     ],
     [
      -47.2327415,
      -23.1268096
     ],
     [
      -47.2326914,
      -23.1255254
     ],
     [
      -47.2327002,
      -23.1253746
     ],
     [
      -47.2327861,
      -23.1249004
     ],
     [
      -47.2328084,
      -23.1248085
     ],
     [
      -47.2328632,
      -23.1245779
     ],
     [
      -47.2328842,
      -23.1244586
     ],
     [
      -47.2328903,
      -23.124424
     ],
     [
      -47.2329048,
      -23.1243459
     ],
     [
      -47.2329065,
      -23.1242489
     ],
     [
      -47.23291,
      -23.1241804
     ],
     [
      -47.2329186,
      -23.1240133
     ],
     [
      -47.2329031,
      -23.1237882
     ],
     [
      -47.2328713,
      -23.1235985
     ],
     [
      -47.2328673,
      -23.1235314
     ],
     [
      -47.2328721,
      -23.1234615
     ],
     [
      -47.2329115,
      -23.1233844
     ],
     [
      -47.2329537,
      -23.1233372
     ],
     [
      -47.2330049,
      -23.1233049
     ],
     [
      -47.2330245,
      -23.1232935
     ],
     [
      -47.2330597,
      -23.1232731
     ],
     [
      -47.233084,
      -23.1232642
     ],
     [
      -47.2331357,
      -23.1232527
     ],
     [
      -47.2333984,
      -23.1232253
     ],
     [
      -47.2337436,
      -23.123213
     ],
     [
      -47.2339392,
      -23.1232116
     ],
     [
      -47.2339964,
      -23.1232132
     ],
     [
      -47.2340606,
      -23.1232408
     ],
     [
      -47.2340939,
      -23.1232624
     ]
    ]
   }
  },
  {
   "type": "Feature",
   "properties": {
    "nome": "Ciclovia do Parque Ecológico",
    "tipo": "ciclovia",
    "fonte": "OpenStreetMap",
    "osm_id": 1502557161
   },
   "geometry": {
    "type": "LineString",
    "coordinates": [
     [
      -47.2334311,
      -23.1177312
     ],
     [
      -47.2334649,
      -23.1178127
     ],
     [
      -47.2334775,
      -23.118137
     ],
     [
      -47.2334991,
      -23.1183545
     ],
     [
      -47.2336155,
      -23.1195237
     ],
     [
      -47.2337181,
      -23.1206238
     ],
     [
      -47.2337776,
      -23.121183
     ],
     [
      -47.2337818,
      -23.1212227
     ],
     [
      -47.233934,
      -23.1220202
     ],
     [
      -47.234098,
      -23.1228313
     ],
     [
      -47.2340987,
      -23.1228703
     ],
     [
      -47.2340919,
      -23.1228969
     ],
     [
      -47.234068,
      -23.1229322
     ],
     [
      -47.23404,
      -23.1229581
     ],
     [
      -47.2340095,
      -23.1229844
     ],
     [
      -47.2339677,
      -23.1230193
     ],
     [
      -47.2337801,
      -23.1229802
     ],
     [
      -47.2337214,
      -23.1229704
     ],
     [
      -47.2337096,
      -23.1230113
     ],
     [
      -47.2336814,
      -23.1230413
     ],
     [
      -47.2336451,
      -23.1230535
     ],
     [
      -47.2335851,
      -23.1230631
     ],
     [
      -47.233428,
      -23.1230713
     ],
     [
      -47.2333006,
      -23.1230794
     ],
     [
      -47.2330759,
      -23.1230892
     ],
     [
      -47.2330286,
      -23.1230849
     ],
     [
      -47.2329716,
      -23.1230753
     ],
     [
      -47.232916,
      -23.1230515
     ],
     [
      -47.2328664,
      -23.1230195
     ],
     [
      -47.2328182,
      -23.1229752
     ],
     [
      -47.2327819,
      -23.1229309
     ],
     [
      -47.2327422,
      -23.1228695
     ],
     [
      -47.2327218,
      -23.1228303
     ],
     [
      -47.2326866,
      -23.122674
     ],
     [
      -47.2326372,
      -23.122441
     ],
     [
      -47.2326072,
      -23.1223216
     ],
     [
      -47.2326247,
      -23.1222541
     ],
     [
      -47.2325931,
      -23.1221325
     ],
     [
      -47.2324997,
      -23.12164
     ],
     [
      -47.2324825,
      -23.1214713
     ]
    ]
   }
  },
  {
   "type": "Feature",
   "properties": {
    "nome": "Ciclovia do Parque Ecológico",
    "tipo": "ciclovia",
    "fonte": "OpenStreetMap",
    "osm_id": 1512632398
   },
   "geometry": {
    "type": "LineString",
    "coordinates": [
     [
      -47.2340939,
      -23.1232624
     ],
     [
      -47.2341744,
      -23.1233328
     ],
     [
      -47.2342034,
      -23.1234518
     ],
     [
      -47.2341892,
      -23.1237314
     ],
     [
      -47.2341395,
      -23.1240098
     ],
     [
      -47.2340669,
      -23.1243905
     ],
     [
      -47.2339789,
      -23.1248511
     ],
     [
      -47.2339013,
      -23.1253141
     ],
     [
      -47.2337889,
      -23.1258915
     ],
     [
      -47.2336842,
      -23.1264499
     ],
     [
      -47.2336222,
      -23.1267841
     ],
     [
      -47.2335757,
      -23.1270923
     ],
     [
      -47.2335104,
      -23.1274418
     ],
     [
      -47.2334503,
      -23.1277711
     ],
     [
      -47.233434,
      -23.1278687
     ],
     [
      -47.233428,
      -23.1279663
     ],
     [
      -47.2334522,
      -23.1280571
     ],
     [
      -47.2334919,
      -23.1281455
     ],
     [
      -47.2336676,
      -23.1284459
     ],
     [
      -47.2337087,
      -23.1284728
     ]
    ]
   }
  },
  {
   "type": "Feature",
   "properties": {
    "nome": "Ciclovia",
    "tipo": "ciclovia",
    "fonte": "OpenStreetMap",
    "osm_id": 1534301785
   },
   "geometry": {
    "type": "LineString",
    "coordinates": [
     [
      -47.2321755,
      -23.1180576
     ],
     [
      -47.2321898,
      -23.1179865
     ],
     [
      -47.2321847,
      -23.1178719
     ],
     [
      -47.2321708,
      -23.1178034
     ]
    ]
   }
  },
  {
   "type": "Feature",
   "properties": {
    "nome": "Ciclovia",
    "tipo": "ciclovia",
    "fonte": "OpenStreetMap",
    "osm_id": 1536020755
   },
   "geometry": {
    "type": "LineString",
    "coordinates": [
     [
      -47.224735,
      -23.1202832
     ],
     [
      -47.2247168,
      -23.1203729
     ],
     [
      -47.2247011,
      -23.1204942
     ],
     [
      -47.224719,
      -23.1206626
     ],
     [
      -47.2248997,
      -23.1213474
     ],
     [
      -47.224972,
      -23.121632
     ],
     [
      -47.2250611,
      -23.1219938
     ],
     [
      -47.2251794,
      -23.1224557
     ],
     [
      -47.2252696,
      -23.1227625
     ]
    ]
   }
  },
  {
   "type": "Feature",
   "properties": {
    "nome": "Ciclovia",
    "tipo": "ciclovia",
    "fonte": "OpenStreetMap",
    "osm_id": 1536020756
   },
   "geometry": {
    "type": "LineString",
    "coordinates": [
     [
      -47.225258,
      -23.1224398
     ],
     [
      -47.2251794,
      -23.1224557
     ],
     [
      -47.2250979,
      -23.1224745
     ],
     [
      -47.2250758,
      -23.1224816
     ],
     [
      -47.2249303,
      -23.1225173
     ],
     [
      -47.2249221,
      -23.1225184
     ]
    ]
   }
  },
  {
   "type": "Feature",
   "properties": {
    "nome": "Ciclovia do Parque Ecológico",
    "tipo": "ciclovia",
    "fonte": "OpenStreetMap",
    "osm_id": 1502557160
   },
   "geometry": {
    "type": "LineString",
    "coordinates": [
     [
      -47.2324825,
      -23.1214713
     ],
     [
      -47.2323652,
      -23.1202253
     ]
    ]
   }
  },
  {
   "type": "Feature",
   "properties": {
    "nome": "Ciclovia",
    "tipo": "ciclovia",
    "fonte": "OpenStreetMap",
    "osm_id": 1502557164
   },
   "geometry": {
    "type": "LineString",
    "coordinates": [
     [
      -47.2339677,
      -23.1230193
     ],
     [
      -47.2339651,
      -23.1230735
     ],
     [
      -47.2339709,
      -23.1231539
     ],
     [
      -47.2339777,
      -23.123187
     ],
     [
      -47.2339964,
      -23.1232132
     ]
    ]
   }
  },
  {
   "type": "Feature",
   "properties": {
    "nome": "Ciclovia",
    "tipo": "ciclovia",
    "fonte": "OpenStreetMap",
    "osm_id": 1502557166
   },
   "geometry": {
    "type": "LineString",
    "coordinates": [
     [
      -47.2330759,
      -23.1230892
     ],
     [
      -47.2330833,
      -23.1231451
     ],
     [
      -47.2330875,
      -23.1232176
     ],
     [
      -47.233084,
      -23.1232642
     ]
    ]
   }
  },
  {
   "type": "Feature",
   "properties": {
    "nome": "Ciclovia do Parque Ecológico",
    "tipo": "ciclovia",
    "fonte": "OpenStreetMap",
    "osm_id": 1534301784
   },
   "geometry": {
    "type": "LineString",
    "coordinates": [
     [
      -47.2323652,
      -23.1202253
     ],
     [
      -47.2323231,
      -23.119786
     ],
     [
      -47.2322356,
      -23.1187788
     ],
     [
      -47.2321873,
      -23.1181579
     ],
     [
      -47.2321755,
      -23.1180576
     ]
    ]
   }
  },
  {
   "type": "Feature",
   "properties": {
    "nome": "Ciclovia",
    "tipo": "ciclovia",
    "fonte": "OpenStreetMap",
    "osm_id": 1509784455
   },
   "geometry": {
    "type": "LineString",
    "coordinates": [
     [
      -47.2221423,
      -23.1154083
     ],
     [
      -47.22216,
      -23.1155475
     ],
     [
      -47.2222484,
      -23.1156503
     ],
     [
      -47.2222799,
      -23.1157248
     ],
     [
      -47.2223507,
      -23.1159244
     ],
     [
      -47.2224298,
      -23.1160759
     ],
     [
      -47.2224679,
      -23.116134
     ],
     [
      -47.2226149,
      -23.1163952
     ],
     [
      -47.2230383,
      -23.117211
     ],
     [
      -47.223939,
      -23.1190087
     ],
     [
      -47.2239724,
      -23.1190695
     ],
     [
      -47.2239903,
      -23.1191111
     ],
     [
      -47.2241084,
      -23.1193822
     ],
     [
      -47.224264,
      -23.1197851
     ],
     [
      -47.2243122,
      -23.1199375
     ]
    ]
   }
  },
  {
   "type": "Feature",
   "properties": {
    "nome": "Ciclofaixa",
    "tipo": "ciclofaixa",
    "fonte": "OpenStreetMap",
    "osm_id": 308995152
   },
   "geometry": {
    "type": "LineString",
    "coordinates": [
     [
      -47.2249424,
      -23.1232048
     ],
     [
      -47.2246228,
      -23.1235352
     ]
    ]
   }
  },
  {
   "type": "Feature",
   "properties": {
    "nome": "Ciclovia",
    "tipo": "ciclovia",
    "fonte": "OpenStreetMap",
    "osm_id": 1536019622
   },
   "geometry": {
    "type": "LineString",
    "coordinates": [
     [
      -47.2246228,
      -23.1235352
     ],
     [
      -47.2246353,
      -23.1235912
     ],
     [
      -47.224678,
      -23.1236765
     ]
    ]
   }
  },
  {
   "type": "Feature",
   "properties": {
    "nome": "Ciclovia",
    "tipo": "ciclovia",
    "fonte": "OpenStreetMap",
    "osm_id": 1502557171
   },
   "geometry": {
    "type": "LineString",
    "coordinates": [
     [
      -47.2334247,
      -23.1174851
     ],
     [
      -47.2333926,
      -23.1175116
     ],
     [
      -47.2333981,
      -23.1175582
     ],
     [
      -47.2334107,
      -23.1176729
     ],
     [
      -47.2334311,
      -23.1177312
     ]
    ]
   }
  },
  {
   "type": "Feature",
   "properties": {
    "nome": "Ciclovia",
    "tipo": "ciclovia",
    "fonte": "OpenStreetMap",
    "osm_id": 1502557156
   },
   "geometry": {
    "type": "LineString",
    "coordinates": [
     [
      -47.2307822,
      -23.1118182
     ],
     [
      -47.230747,
      -23.1118701
     ],
     [
      -47.2307353,
      -23.111922
     ],
     [
      -47.2307314,
      -23.1119702
     ],
     [
      -47.2307354,
      -23.1120194
     ],
     [
      -47.2307515,
      -23.1120621
     ],
     [
      -47.2307743,
      -23.1121095
     ],
     [
      -47.2308411,
      -23.1121599
     ],
     [
      -47.2308984,
      -23.1121939
     ]
    ]
   }
  },
  {
   "type": "Feature",
   "properties": {
    "nome": "Ciclovia",
    "tipo": "ciclovia",
    "fonte": "OpenStreetMap",
    "osm_id": 1414068759
   },
   "geometry": {
    "type": "LineString",
    "coordinates": [
     [
      -47.2317692,
      -23.111961
     ],
     [
      -47.2317998,
      -23.1119208
     ],
     [
      -47.2318383,
      -23.11185
     ],
     [
      -47.2318422,
      -23.1117871
     ],
     [
      -47.2318295,
      -23.1117369
     ],
     [
      -47.2317834,
      -23.1116765
     ],
     [
      -47.2317391,
      -23.111643
     ],
     [
      -47.2317127,
      -23.1116226
     ],
     [
      -47.2316712,
      -23.1116012
     ]
    ]
   }
  },
  {
   "type": "Feature",
   "properties": {
    "nome": "Ciclovia do Parque Ecológico",
    "tipo": "ciclovia",
    "fonte": "OpenStreetMap",
    "osm_id": 1502519689
   },
   "geometry": {
    "type": "LineString",
    "coordinates": [
     [
      -47.2291187,
      -23.1086263
     ],
     [
      -47.2290695,
      -23.1086047
     ],
     [
      -47.2290251,
      -23.1085439
     ],
     [
      -47.2289941,
      -23.1084861
     ],
     [
      -47.2289226,
      -23.1083269
     ],
     [
      -47.2287039,
      -23.10779
     ],
     [
      -47.2285207,
      -23.107323
     ],
     [
      -47.228472,
      -23.1072006
     ],
     [
      -47.228426,
      -23.1070732
     ],
     [
      -47.228327,
      -23.1067386
     ],
     [
      -47.2282989,
      -23.1066488
     ],
     [
      -47.2282435,
      -23.1064668
     ],
     [
      -47.2281605,
      -23.1061904
     ],
     [
      -47.2281571,
      -23.1061643
     ],
     [
      -47.2281609,
      -23.1061383
     ],
     [
      -47.2281711,
      -23.1061192
     ],
     [
      -47.2281778,
      -23.1061001
     ],
     [
      -47.228179,
      -23.1060712
     ],
     [
      -47.2281219,
      -23.1058787
     ],
     [
      -47.2280763,
      -23.1058273
     ],
     [
      -47.228023,
      -23.1057681
     ],
     [
      -47.227983,
      -23.1056059
     ],
     [
      -47.227698,
      -23.1050931
     ],
     [
      -47.2272577,
      -23.1042741
     ],
     [
      -47.2272078,
      -23.104159
     ],
     [
      -47.2271718,
      -23.1040759
     ],
     [
      -47.2270012,
      -23.1035935
     ],
     [
      -47.2269246,
      -23.1033592
     ],
     [
      -47.2268384,
      -23.1030776
     ],
     [
      -47.2267238,
      -23.1027059
     ],
     [
      -47.2266443,
      -23.1023923
     ],
     [
      -47.2266043,
      -23.1022467
     ],
     [
      -47.2264306,
      -23.101616
     ],
     [
      -47.2264024,
      -23.1015061
     ],
     [
      -47.2264091,
      -23.1014232
     ],
     [
      -47.2263191,
      -23.1010892
     ],
     [
      -47.2262699,
      -23.1010444
     ],
     [
      -47.2262594,
      -23.1010083
     ],
     [
      -47.2261385,
      -23.1005666
     ],
     [
      -47.2258912,
      -23.0996806
     ],
     [
      -47.2258543,
      -23.0996057
     ]
    ]
   }
  },
  {
   "type": "Feature",
   "properties": {
    "nome": "Ciclovia do Parque Ecológico",
    "tipo": "ciclovia",
    "fonte": "OpenStreetMap",
    "osm_id": 1502519690
   },
   "geometry": {
    "type": "LineString",
    "coordinates": [
     [
      -47.2291925,
      -23.1001246
     ],
     [
      -47.2291215,
      -23.1001686
     ],
     [
      -47.2292602,
      -23.100364
     ],
     [
      -47.2292942,
      -23.100414
     ],
     [
      -47.2292977,
      -23.1004803
     ],
     [
      -47.2292049,
      -23.1011164
     ],
     [
      -47.2291885,
      -23.1015373
     ],
     [
      -47.229277,
      -23.1018583
     ],
     [
      -47.2292858,
      -23.1018919
     ],
     [
      -47.2293281,
      -23.1020443
     ],
     [
      -47.2295177,
      -23.1023862
     ],
     [
      -47.2295668,
      -23.1024781
     ],
     [
      -47.2295907,
      -23.102528
     ],
     [
      -47.2296111,
      -23.1025802
     ],
     [
      -47.2296313,
      -23.1026391
     ],
     [
      -47.2296439,
      -23.1026928
     ],
     [
      -47.2296614,
      -23.1028583
     ],
     [
      -47.2296625,
      -23.1029454
     ],
     [
      -47.2296445,
      -23.1030871
     ],
     [
      -47.2296071,
      -23.1032198
     ],
     [
      -47.2295725,
      -23.1033041
     ],
     [
      -47.2295545,
      -23.1033481
     ],
     [
      -47.2294738,
      -23.1034647
     ],
     [
      -47.2294523,
      -23.1034959
     ],
     [
      -47.22931,
      -23.1036507
     ],
     [
      -47.229201,
      -23.103775
     ],
     [
      -47.229142,
      -23.1038662
     ],
     [
      -47.229088,
      -23.1039589
     ],
     [
      -47.2290041,
      -23.1042156
     ],
     [
      -47.2290022,
      -23.1042507
     ],
     [
      -47.2289967,
      -23.1043492
     ],
     [
      -47.2290504,
      -23.1046156
     ],
     [
      -47.2293183,
      -23.1054946
     ],
     [
      -47.2295394,
      -23.1061924
     ],
     [
      -47.229619,
      -23.1064231
     ],
     [
      -47.2297086,
      -23.1067272
     ],
     [
      -47.2298452,
      -23.1070158
     ],
     [
      -47.2298523,
      -23.1070836
     ],
     [
      -47.2298393,
      -23.1071576
     ],
     [
      -47.2300186,
      -23.1075317
     ],
     [
      -47.2301271,
      -23.1077985
     ],
     [
      -47.2301756,
      -23.1079177
     ],
     [
      -47.2302067,
      -23.1080009
     ],
     [
      -47.2302723,
      -23.1081436
     ],
     [
      -47.2303677,
      -23.1083387
     ],
     [
      -47.2307128,
      -23.1091455
     ],
     [
      -47.2307447,
      -23.1092217
     ],
     [
      -47.2307775,
      -23.1092596
     ],
     [
      -47.2308056,
      -23.1092807
     ],
     [
      -47.2308157,
      -23.1092839
     ],
     [
      -47.2308708,
      -23.1092793
     ]
    ]
   }
  },
  {
   "type": "Feature",
   "properties": {
    "nome": "Ciclovia do Parque Ecológico",
    "tipo": "ciclovia",
    "fonte": "OpenStreetMap",
    "osm_id": 1502535043
   },
   "geometry": {
    "type": "LineString",
    "coordinates": [
     [
      -47.2309722,
      -23.1095164
     ],
     [
      -47.2309537,
      -23.1095695
     ],
     [
      -47.2312577,
      -23.1102867
     ],
     [
      -47.2312995,
      -23.1104019
     ],
     [
      -47.2314693,
      -23.1107664
     ],
     [
      -47.2316598,
      -23.1112283
     ],
     [
      -47.2317128,
      -23.1114359
     ],
     [
      -47.2317173,
      -23.1114992
     ],
     [
      -47.2317045,
      -23.1115502
     ],
     [
      -47.2316712,
      -23.1116012
     ],
     [
      -47.2315737,
      -23.1116811
     ],
     [
      -47.2315134,
      -23.1117139
     ],
     [
      -47.2313732,
      -23.1117652
     ],
     [
      -47.2312129,
      -23.1118183
     ],
     [
      -47.2310393,
      -23.1118619
     ],
     [
      -47.2309544,
      -23.1118724
     ],
     [
      -47.2308903,
      -23.1118709
     ],
     [
      -47.2308321,
      -23.1118474
     ],
     [
      -47.2307822,
      -23.1118182
     ],
     [
      -47.2306927,
      -23.1117527
     ],
     [
      -47.2306136,
      -23.1116608
     ],
     [
      -47.230522,
      -23.1115134
     ],
     [
      -47.2305017,
      -23.1114147
     ],
     [
      -47.2304545,
      -23.1112081
     ],
     [
      -47.230369,
      -23.110961
     ],
     [
      -47.2303299,
      -23.1107774
     ],
     [
      -47.2302813,
      -23.110621
     ],
     [
      -47.2302281,
      -23.1104503
     ],
     [
      -47.2301094,
      -23.110201
     ],
     [
      -47.2300839,
      -23.1101636
     ],
     [
      -47.2300529,
      -23.1101601
     ]
    ]
   }
  },
  {
   "type": "Feature",
   "properties": {
    "nome": "Ciclovia do Parque Ecológico",
    "tipo": "ciclovia",
    "fonte": "OpenStreetMap",
    "osm_id": 1502557165
   },
   "geometry": {
    "type": "LineString",
    "coordinates": [
     [
      -47.2321708,
      -23.1178034
     ],
     [
      -47.232129,
      -23.1176885
     ],
     [
      -47.2321067,
      -23.1175583
     ],
     [
      -47.2320803,
      -23.117259
     ],
     [
      -47.2320451,
      -23.1168208
     ],
     [
      -47.2319708,
      -23.1159072
     ],
     [
      -47.2319621,
      -23.1157801
     ],
     [
      -47.2319382,
      -23.1155545
     ],
     [
      -47.2319219,
      -23.1153838
     ],
     [
      -47.2319097,
      -23.1152678
     ],
     [
      -47.2318559,
      -23.1150521
     ],
     [
      -47.2316957,
      -23.1145504
     ],
     [
      -47.2314787,
      -23.1139864
     ],
     [
      -47.2313614,
      -23.1137059
     ],
     [
      -47.2312375,
      -23.1134263
     ],
     [
      -47.2310445,
      -23.1130306
     ],
     [
      -47.2308924,
      -23.1127038
     ],
     [
      -47.2308685,
      -23.1126078
     ],
     [
      -47.2308482,
      -23.1124874
     ],
     [
      -47.2308423,
      -23.1123768
     ],
     [
      -47.2308472,
      -23.1123108
     ],
     [
      -47.2308984,
      -23.1121939
     ],
     [
      -47.2309312,
      -23.1121511
     ],
     [
      -47.2310171,
      -23.1120876
     ],
     [
      -47.2311132,
      -23.1120389
     ],
     [
      -47.2312274,
      -23.1120003
     ],
     [
      -47.2313189,
      -23.1119719
     ],
     [
      -47.231412,
      -23.1119447
     ],
     [
      -47.2315039,
      -23.1119187
     ],
     [
      -47.2315611,
      -23.1119088
     ],
     [
      -47.2316221,
      -23.1119025
     ],
     [
      -47.2317013,
      -23.1119293
     ],
     [
      -47.2317692,
      -23.111961
     ],
     [
      -47.2318729,
      -23.112014
     ],
     [
      -47.2319568,
      -23.1120983
     ],
     [
      -47.2320907,
      -23.1122993
     ],
     [
      -47.2324173,
      -23.1129064
     ],
     [
      -47.2325406,
      -23.1132218
     ],
     [
      -47.2328768,
      -23.1140808
     ],
     [
      -47.2331802,
      -23.1151001
     ],
     [
      -47.2332722,
      -23.1155395
     ],
     [
      -47.2332896,
      -23.1157522
     ],
     [
      -47.2333253,
      -23.1161873
     ],
     [
      -47.2333854,
      -23.1169555
     ],
     [
      -47.2334247,
      -23.1174851
     ]
    ]
   }
  },
  {
   "type": "Feature",
   "properties": {
    "nome": "Ciclovia",
    "tipo": "ciclovia",
    "fonte": "OpenStreetMap",
    "osm_id": 1502519691
   },
   "geometry": {
    "type": "LineString",
    "coordinates": [
     [
      -47.2308708,
      -23.1092793
     ],
     [
      -47.2308955,
      -23.1093318
     ],
     [
      -47.2309191,
      -23.1093901
     ],
     [
      -47.2309414,
      -23.109445
     ],
     [
      -47.2309722,
      -23.1095164
     ]
    ]
   }
  },
  {
   "type": "Feature",
   "properties": {
    "nome": "Ciclovia do Parque Ecológico",
    "tipo": "ciclovia",
    "fonte": "OpenStreetMap",
    "osm_id": 1534301781
   },
   "geometry": {
    "type": "LineString",
    "coordinates": [
     [
      -47.2300334,
      -23.1098244
     ],
     [
      -47.2299835,
      -23.109785
     ],
     [
      -47.2299468,
      -23.1097455
     ],
     [
      -47.2299174,
      -23.1097077
     ],
     [
      -47.2297906,
      -23.1095138
     ],
     [
      -47.2297288,
      -23.1094071
     ],
     [
      -47.2296687,
      -23.1092997
     ],
     [
      -47.2296386,
      -23.109228
     ],
     [
      -47.2296075,
      -23.1091544
     ],
     [
      -47.2295932,
      -23.1090801
     ],
     [
      -47.2295731,
      -23.1089772
     ],
     [
      -47.2295546,
      -23.1088756
     ],
     [
      -47.2295319,
      -23.1088187
     ],
     [
      -47.2295116,
      -23.1087848
     ],
     [
      -47.2294769,
      -23.1087557
     ],
     [
      -47.2294272,
      -23.1087303
     ],
     [
      -47.2294115,
      -23.1087257
     ],
     [
      -47.2292992,
      -23.1086885
     ],
     [
      -47.2291187,
      -23.1086263
     ]
    ]
   }
  },
  {
   "type": "Feature",
   "properties": {
    "nome": "Ciclovia",
    "tipo": "ciclovia",
    "fonte": "OpenStreetMap",
    "osm_id": 1534301782
   },
   "geometry": {
    "type": "LineString",
    "coordinates": [
     [
      -47.2300529,
      -23.1101601
     ],
     [
      -47.2300086,
      -23.1101501
     ],
     [
      -47.2299739,
      -23.1100856
     ],
     [
      -47.2299423,
      -23.1100245
     ],
     [
      -47.229915,
      -23.1099631
     ],
     [
      -47.2299539,
      -23.1099291
     ],
     [
      -47.2300085,
      -23.1098619
     ],
     [
      -47.2300334,
      -23.1098244
     ]
    ]
   }
  },
  {
   "type": "Feature",
   "properties": {
    "nome": "Ciclovia",
    "tipo": "ciclovia",
    "fonte": "OpenStreetMap",
    "osm_id": 1509784456
   },
   "geometry": {
    "type": "LineString",
    "coordinates": [
     [
      -47.2222209,
      -23.115354
     ],
     [
      -47.2221774,
      -23.1153819
     ],
     [
      -47.2221423,
      -23.1154083
     ]
    ]
   }
  },
  {
   "type": "Feature",
   "properties": {
    "nome": "Ciclovia",
    "tipo": "ciclovia",
    "fonte": "OpenStreetMap",
    "osm_id": 1502567056
   },
   "geometry": {
    "type": "LineString",
    "coordinates": [
     [
      -47.2189134,
      -23.1077347
     ],
     [
      -47.2189564,
      -23.1078533
     ],
     [
      -47.2190121,
      -23.108026
     ],
     [
      -47.2192125,
      -23.1085663
     ],
     [
      -47.2192575,
      -23.1086847
     ],
     [
      -47.219281,
      -23.1087541
     ],
     [
      -47.2193432,
      -23.1089223
     ],
     [
      -47.2193992,
      -23.1090036
     ],
     [
      -47.2194726,
      -23.1091994
     ],
     [
      -47.2194764,
      -23.1092704
     ],
     [
      -47.2196481,
      -23.1097329
     ],
     [
      -47.2196892,
      -23.1097775
     ],
     [
      -47.219712,
      -23.1098256
     ],
     [
      -47.219807,
      -23.1100913
     ],
     [
      -47.2198346,
      -23.1101287
     ],
     [
      -47.2199908,
      -23.1105751
     ],
     [
      -47.2199762,
      -23.1106128
     ],
     [
      -47.2199815,
      -23.1106483
     ],
     [
      -47.2200636,
      -23.1108641
     ],
     [
      -47.220147,
      -23.1110893
     ],
     [
      -47.2202424,
      -23.1113251
     ],
     [
      -47.2202481,
      -23.1113393
     ],
     [
      -47.2203117,
      -23.1115275
     ],
     [
      -47.2210338,
      -23.1131897
     ],
     [
      -47.2210866,
      -23.1133078
     ],
     [
      -47.2212331,
      -23.1136047
     ],
     [
      -47.2213576,
      -23.1138085
     ],
     [
      -47.2214205,
      -23.1139176
     ],
     [
      -47.2216684,
      -23.1143848
     ],
     [
      -47.2218828,
      -23.1147681
     ],
     [
      -47.2221187,
      -23.115175
     ],
     [
      -47.2222209,
      -23.115354
     ]
    ]
   }
  },
  {
   "type": "Feature",
   "properties": {
    "nome": "Ciclovia",
    "tipo": "ciclovia",
    "fonte": "OpenStreetMap",
    "osm_id": 1502567057
   },
   "geometry": {
    "type": "LineString",
    "coordinates": [
     [
      -47.2182524,
      -23.1063856
     ],
     [
      -47.2183342,
      -23.1065993
     ],
     [
      -47.2184976,
      -23.1070199
     ],
     [
      -47.2186926,
      -23.1075382
     ],
     [
      -47.2187815,
      -23.1077768
     ]
    ]
   }
  },
  {
   "type": "Feature",
   "properties": {
    "nome": "Ciclovia",
    "tipo": "ciclovia",
    "fonte": "OpenStreetMap",
    "osm_id": 1502567058
   },
   "geometry": {
    "type": "LineString",
    "coordinates": [
     [
      -47.2187815,
      -23.1077768
     ],
     [
      -47.2188369,
      -23.1077567
     ],
     [
      -47.2189134,
      -23.1077347
     ]
    ]
   }
  },
  {
   "type": "Feature",
   "properties": {
    "nome": "Ciclovia",
    "tipo": "ciclovia",
    "fonte": "OpenStreetMap",
    "osm_id": 1502567059
   },
   "geometry": {
    "type": "LineString",
    "coordinates": [
     [
      -47.2175659,
      -23.1050174
     ],
     [
      -47.2175879,
      -23.105066
     ],
     [
      -47.2176187,
      -23.1051342
     ],
     [
      -47.2176769,
      -23.1050896
     ],
     [
      -47.2177277,
      -23.1050511
     ]
    ]
   }
  },
  {
   "type": "Feature",
   "properties": {
    "nome": "Ciclovia",
    "tipo": "ciclovia",
    "fonte": "OpenStreetMap",
    "osm_id": 1502567060
   },
   "geometry": {
    "type": "LineString",
    "coordinates": [
     [
      -47.2177277,
      -23.1050511
     ],
     [
      -47.2178782,
      -23.1054124
     ],
     [
      -47.2180159,
      -23.105783
     ],
     [
      -47.2181865,
      -23.1062129
     ]
    ]
   }
  },
  {
   "type": "Feature",
   "properties": {
    "nome": "Ciclovia",
    "tipo": "ciclovia",
    "fonte": "OpenStreetMap",
    "osm_id": 1502567061
   },
   "geometry": {
    "type": "LineString",
    "coordinates": [
     [
      -47.2181865,
      -23.1062129
     ],
     [
      -47.2182278,
      -23.1063211
     ],
     [
      -47.2182524,
      -23.1063856
     ]
    ]
   }
  },
  {
   "type": "Feature",
   "properties": {
    "nome": "Avenida Heloisa de Camargo Braga",
    "tipo": "ciclofaixa",
    "fonte": "OpenStreetMap",
    "osm_id": 511591144
   },
   "geometry": {
    "type": "LineString",
    "coordinates": [
     [
      -47.2766556,
      -23.0917065
     ],
     [
      -47.2767185,
      -23.0917586
     ],
     [
      -47.2770718,
      -23.0920548
     ],
     [
      -47.2789928,
      -23.0936654
     ]
    ]
   }
  },
  {
   "type": "Feature",
   "properties": {
    "nome": "Rua Irmã Maria Angélica",
    "tipo": "ciclofaixa",
    "fonte": "OpenStreetMap",
    "osm_id": 511591321
   },
   "geometry": {
    "type": "LineString",
    "coordinates": [
     [
      -47.2786645,
      -23.0937866
     ],
     [
      -47.278178,
      -23.0933923
     ],
     [
      -47.277756,
      -23.0930471
     ],
     [
      -47.2763478,
      -23.0918549
     ],
     [
      -47.2762631,
      -23.0917832
     ]
    ]
   }
  },
  {
   "type": "Feature",
   "properties": {
    "nome": "Rua Dirce Braga Berti",
    "tipo": "ciclofaixa",
    "fonte": "OpenStreetMap",
    "osm_id": 1189373714
   },
   "geometry": {
    "type": "LineString",
    "coordinates": [
     [
      -47.278821,
      -23.0895423
     ],
     [
      -47.2787887,
      -23.0895435
     ],
     [
      -47.2787264,
      -23.0895529
     ],
     [
      -47.278666,
      -23.0895694
     ],
     [
      -47.2786082,
      -23.0895927
     ],
     [
      -47.2785541,
      -23.0896225
     ],
     [
      -47.2785044,
      -23.0896583
     ],
     [
      -47.2784533,
      -23.0896982
     ],
     [
      -47.2784426,
      -23.0897095
     ],
     [
      -47.2784092,
      -23.0897446
     ],
     [
      -47.2783754,
      -23.0897921
     ],
     [
      -47.2783489,
      -23.0898433
     ],
     [
      -47.2783301,
      -23.0898973
     ],
     [
      -47.2783193,
      -23.0899531
     ],
     [
      -47.2783136,
      -23.0900271
     ],
     [
      -47.2783166,
      -23.0901011
     ],
     [
      -47.2783265,
      -23.0901662
     ],
     [
      -47.2783431,
      -23.0902302
     ],
     [
      -47.2783662,
      -23.0902924
     ],
     [
      -47.2785366,
      -23.0905391
     ],
     [
      -47.2785514,
      -23.0905788
     ],
     [
      -47.2785582,
      -23.0906204
     ],
     [
      -47.2785567,
      -23.0906625
     ],
     [
      -47.2785467,
      -23.0907039
     ],
     [
      -47.2785286,
      -23.090743
     ],
     [
      -47.278503,
      -23.0907784
     ],
     [
      -47.2783957,
      -23.0908746
     ],
     [
      -47.2782227,
      -23.0910609
     ],
     [
      -47.2781495,
      -23.0911276
     ],
     [
      -47.2780605,
      -23.0911942
     ],
     [
      -47.2779196,
      -23.0912845
     ],
     [
      -47.2777876,
      -23.0913626
     ],
     [
      -47.2776889,
      -23.0914189
     ],
     [
      -47.2776153,
      -23.0914605
     ],
     [
      -47.2774851,
      -23.0915149
     ],
     [
      -47.2772281,
      -23.0915849
     ],
     [
      -47.2771861,
      -23.0915963
     ],
     [
      -47.2768012,
      -23.0917074
     ],
     [
      -47.2767475,
      -23.0917333
     ],
     [
      -47.2767185,
      -23.0917586
     ]
    ]
   }
  },
  {
   "type": "Feature",
   "properties": {
    "nome": "Ciclovia",
    "tipo": "ciclovia",
    "fonte": "OpenStreetMap",
    "osm_id": 1497484482
   },
   "geometry": {
    "type": "LineString",
    "coordinates": [
     [
      -47.2699259,
      -23.0989082
     ],
     [
      -47.269883,
      -23.0989698
     ],
     [
      -47.2696262,
      -23.0993381
     ],
     [
      -47.2693671,
      -23.099662
     ],
     [
      -47.2693447,
      -23.0997122
     ],
     [
      -47.2693392,
      -23.0997751
     ],
     [
      -47.2693483,
      -23.099821
     ],
     [
      -47.2693711,
      -23.0998797
     ],
     [
      -47.2694311,
      -23.0999357
     ],
     [
      -47.2695629,
      -23.100032
     ]
    ]
   }
  },
  {
   "type": "Feature",
   "properties": {
    "nome": "Ciclovia",
    "tipo": "ciclovia",
    "fonte": "OpenStreetMap",
    "osm_id": 1104807005
   },
   "geometry": {
    "type": "LineString",
    "coordinates": [
     [
      -47.2699259,
      -23.0989082
     ],
     [
      -47.2700419,
      -23.0987479
     ],
     [
      -47.2701702,
      -23.0985707
     ],
     [
      -47.2704945,
      -23.0982938
     ],
     [
      -47.2705893,
      -23.0982243
     ],
     [
      -47.2706251,
      -23.0981844
     ],
     [
      -47.2706739,
      -23.0981244
     ],
     [
      -47.2707345,
      -23.0979922
     ],
     [
      -47.2708116,
      -23.0978495
     ],
     [
      -47.2709253,
      -23.0977059
     ],
     [
      -47.271053,
      -23.0975786
     ],
     [
      -47.2711963,
      -23.0974533
     ],
     [
      -47.271365,
      -23.0973327
     ],
     [
      -47.2715114,
      -23.0972748
     ],
     [
      -47.2716051,
      -23.0972234
     ],
     [
      -47.2717319,
      -23.0971055
     ],
     [
      -47.2719083,
      -23.0968597
     ],
     [
      -47.2720478,
      -23.0966891
     ],
     [
      -47.2722019,
      -23.0965569
     ],
     [
      -47.2723569,
      -23.0963978
     ],
     [
      -47.2725024,
      -23.0962105
     ],
     [
      -47.2727596,
      -23.0958547
     ],
     [
      -47.2728752,
      -23.095532
     ],
     [
      -47.2729324,
      -23.0954023
     ],
     [
      -47.2729997,
      -23.0953052
     ],
     [
      -47.2731393,
      -23.0951228
     ],
     [
      -47.2732904,
      -23.0949
     ],
     [
      -47.2733339,
      -23.0948099
     ],
     [
      -47.2733827,
      -23.09466
     ],
     [
      -47.2734086,
      -23.0945148
     ],
     [
      -47.2734141,
      -23.094262
     ],
     [
      -47.2733749,
      -23.0941621
     ],
     [
      -47.2733164,
      -23.0941004
     ],
     [
      -47.2732689,
      -23.0940404
     ],
     [
      -47.2732644,
      -23.093952
     ],
     [
      -47.2732666,
      -23.0938635
     ],
     [
      -47.2732913,
      -23.0937014
     ],
     [
      -47.2733174,
      -23.0934891
     ],
     [
      -47.2732981,
      -23.0933379
     ],
     [
      -47.2732803,
      -23.0931798
     ],
     [
      -47.2732761,
      -23.0928631
     ],
     [
      -47.2732544,
      -23.0927476
     ],
     [
      -47.2732312,
      -23.092654
     ],
     [
      -47.2732439,
      -23.0925864
     ],
     [
      -47.2732688,
      -23.0925505
     ],
     [
      -47.2733064,
      -23.0925229
     ],
     [
      -47.2734467,
      -23.0924702
     ],
     [
      -47.2735882,
      -23.0924397
     ],
     [
      -47.2736467,
      -23.0924465
     ],
     [
      -47.2736906,
      -23.092482
     ],
     [
      -47.2738343,
      -23.0927802
     ],
     [
      -47.273671,
      -23.0932844
     ],
     [
      -47.2735372,
      -23.0939529
     ],
     [
      -47.2736133,
      -23.0943309
     ],
     [
      -47.2736291,
      -23.0944011
     ],
     [
      -47.2736305,
      -23.0944903
     ],
     [
      -47.2736229,
      -23.0945596
     ],
     [
      -47.2735587,
      -23.0947101
     ],
     [
      -47.2734474,
      -23.0949231
     ],
     [
      -47.2731839,
      -23.0953837
     ],
     [
      -47.273077,
      -23.0956115
     ],
     [
      -47.2730013,
      -23.0958275
     ],
     [
      -47.2729955,
      -23.0958439
     ],
     [
      -47.2729251,
      -23.0959634
     ],
     [
      -47.2728508,
      -23.0960672
     ],
     [
      -47.2728023,
      -23.0961191
     ],
     [
      -47.2727258,
      -23.0961908
     ],
     [
      -47.2724666,
      -23.0965551
     ],
     [
      -47.2720758,
      -23.0969055
     ],
     [
      -47.2717986,
      -23.0972778
     ],
     [
      -47.2716132,
      -23.0974172
     ],
     [
      -47.2715956,
      -23.0974275
     ],
     [
      -47.2712379,
      -23.0976449
     ],
     [
      -47.2711349,
      -23.0977308
     ],
     [
      -47.2710521,
      -23.0978168
     ],
     [
      -47.2709975,
      -23.0979039
     ],
     [
      -47.2709314,
      -23.0980517
     ],
     [
      -47.2708794,
      -23.0981611
     ],
     [
      -47.2707918,
      -23.0982681
     ],
     [
      -47.2705823,
      -23.0984787
     ],
     [
      -47.270438,
      -23.0985828
     ],
     [
      -47.2703595,
      -23.0986513
     ],
     [
      -47.2702263,
      -23.098823
     ],
     [
      -47.2701067,
      -23.0989417
     ],
     [
      -47.269938,
      -23.0991196
     ],
     [
      -47.2698685,
      -23.0992835
     ],
     [
      -47.2698159,
      -23.0994009
     ],
     [
      -47.2697336,
      -23.0995117
     ],
     [
      -47.2696667,
      -23.0995761
     ],
     [
      -47.2695998,
      -23.0996362
     ],
     [
      -47.2695421,
      -23.0996963
     ],
     [
      -47.2695106,
      -23.0997559
     ],
     [
      -47.269496,
      -23.0998255
     ],
     [
      -47.2695051,
      -23.0999039
     ],
     [
      -47.2695324,
      -23.0999795
     ],
     [
      -47.2695629,
      -23.100032
     ],
     [
      -47.2698082,
      -23.1001462
     ],
     [
      -47.2699661,
      -23.1002384
     ],
     [
      -47.2701074,
      -23.1002624
     ],
     [
      -47.2702868,
      -23.1002885
     ],
     [
      -47.2704458,
      -23.1003263
     ],
     [
      -47.2706883,
      -23.1004103
     ],
     [
      -47.2707348,
      -23.100456
     ],
     [
      -47.270744,
      -23.1004866
     ],
     [
      -47.2707377,
      -23.1005418
     ],
     [
      -47.2706846,
      -23.1006681
     ],
     [
      -47.2706059,
      -23.1007871
     ],
     [
      -47.2705711,
      -23.1008241
     ],
     [
      -47.270521,
      -23.1008441
     ],
     [
      -47.2703202,
      -23.1007671
     ],
     [
      -47.269968,
      -23.100645
     ],
     [
      -47.2696127,
      -23.1005116
     ],
     [
      -47.2691819,
      -23.1003449
     ],
     [
      -47.2691079,
      -23.1003127
     ],
     [
      -47.2689928,
      -23.1002135
     ],
     [
      -47.2688939,
      -23.1001357
     ],
     [
      -47.2688072,
      -23.1000748
     ],
     [
      -47.2686965,
      -23.1000399
     ],
     [
      -47.2685537,
      -23.100022
     ],
     [
      -47.2684455,
      -23.1000274
     ],
     [
      -47.2683958,
      -23.1000512
     ],
     [
      -47.2683768,
      -23.1000948
     ],
     [
      -47.2683456,
      -23.1002022
     ],
     [
      -47.2683187,
      -23.1003574
     ],
     [
      -47.2683317,
      -23.1005491
     ],
     [
      -47.2683234,
      -23.100639
     ],
     [
      -47.2682894,
      -23.1007247
     ],
     [
      -47.2680238,
      -23.1011344
     ],
     [
      -47.2677962,
      -23.1015442
     ],
     [
      -47.2677689,
      -23.1015776
     ],
     [
      -47.2677135,
      -23.1016403
     ],
     [
      -47.2676888,
      -23.1016909
     ],
     [
      -47.2676652,
      -23.1017368
     ],
     [
      -47.2676479,
      -23.1018295
     ],
     [
      -47.2676196,
      -23.1019163
     ],
     [
      -47.2675871,
      -23.1019957
     ],
     [
      -47.2675371,
      -23.1020752
     ],
     [
      -47.2674609,
      -23.1021449
     ],
     [
      -47.2674133,
      -23.10222
     ],
     [
      -47.2673002,
      -23.1023958
     ],
     [
      -47.2672173,
      -23.1025671
     ],
     [
      -47.267163,
      -23.1026549
     ],
     [
      -47.2671303,
      -23.1027253
     ],
     [
      -47.2670848,
      -23.1028068
     ],
     [
      -47.2670553,
      -23.1028967
     ],
     [
      -47.2670167,
      -23.1029949
     ],
     [
      -47.2669644,
      -23.1030744
     ],
     [
      -47.2668167,
      -23.1032583
     ],
     [
      -47.2667394,
      -23.1033921
     ],
     [
      -47.2666962,
      -23.1034736
     ],
     [
      -47.2666508,
      -23.1035572
     ],
     [
      -47.2666099,
      -23.1036388
     ],
     [
      -47.2665815,
      -23.1036807
     ],
     [
      -47.2665576,
      -23.1037161
     ],
     [
      -47.2664849,
      -23.1037767
     ],
     [
      -47.2664008,
      -23.1038185
     ],
     [
      -47.2663053,
      -23.1038436
     ],
     [
      -47.2662171,
      -23.1038549
     ],
     [
      -47.2661541,
      -23.1038516
     ],
     [
      -47.2660923,
      -23.1038394
     ],
     [
      -47.2660648,
      -23.1037806
     ],
     [
      -47.2660865,
      -23.1037306
     ],
     [
      -47.2661121,
      -23.1036722
     ],
     [
      -47.2661045,
      -23.1036449
     ],
     [
      -47.2660212,
      -23.1036116
     ],
     [
      -47.2659636,
      -23.1036078
     ],
     [
      -47.2660303,
      -23.1034481
     ],
     [
      -47.266056,
      -23.1034051
     ],
     [
      -47.2660978,
      -23.1033576
     ],
     [
      -47.2661765,
      -23.1033021
     ],
     [
      -47.2664039,
      -23.103157
     ],
     [
      -47.266465,
      -23.103091
     ],
     [
      -47.2665375,
      -23.1030173
     ],
     [
      -47.266622,
      -23.1028867
     ],
     [
      -47.2667946,
      -23.1025315
     ],
     [
      -47.2668321,
      -23.1024587
     ],
     [
      -47.2668863,
      -23.1023873
     ],
     [
      -47.2669298,
      -23.1023553
     ],
     [
      -47.2670102,
      -23.1023144
     ],
     [
      -47.2670769,
      -23.102256
     ],
     [
      -47.2671068,
      -23.1021724
     ],
     [
      -47.2671227,
      -23.1020772
     ],
     [
      -47.2671276,
      -23.1019914
     ],
     [
      -47.2671652,
      -23.1019138
     ],
     [
      -47.2672138,
      -23.1018213
     ],
     [
      -47.2673096,
      -23.1015844
     ],
     [
      -47.2673482,
      -23.1015604
     ],
     [
      -47.2673911,
      -23.1015584
     ],
     [
      -47.2677135,
      -23.1016403
     ]
    ]
   }
  },
  {
   "type": "Feature",
   "properties": {
    "nome": "Avenida Heloisa de Camargo Braga",
    "tipo": "ciclofaixa",
    "fonte": "OpenStreetMap",
    "osm_id": 1174219214
   },
   "geometry": {
    "type": "LineString",
    "coordinates": [
     [
      -47.2762631,
      -23.0917832
     ],
     [
      -47.2758461,
      -23.0914137
     ],
     [
      -47.2757902,
      -23.0913764
     ],
     [
      -47.27572,
      -23.091316
     ],
     [
      -47.2754744,
      -23.0911049
     ],
     [
      -47.2753263,
      -23.0909808
     ],
     [
      -47.2748635,
      -23.0905933
     ],
     [
      -47.2743848,
      -23.0901924
     ],
     [
      -47.2737257,
      -23.0896407
     ]
    ]
   }
  },
  {
   "type": "Feature",
   "properties": {
    "nome": "Rua Milton Rosa da Silva",
    "tipo": "ciclofaixa",
    "fonte": "OpenStreetMap",
    "osm_id": 1174219215
   },
   "geometry": {
    "type": "LineString",
    "coordinates": [
     [
      -47.2734812,
      -23.0896293
     ],
     [
      -47.2734732,
      -23.0896786
     ],
     [
      -47.2734134,
      -23.0901589
     ],
     [
      -47.273412,
      -23.0902461
     ],
     [
      -47.2734251,
      -23.0903293
     ],
     [
      -47.2734711,
      -23.0904627
     ],
     [
      -47.2736311,
      -23.0909272
     ],
     [
      -47.2737165,
      -23.0911748
     ],
     [
      -47.2737898,
      -23.0913951
     ],
     [
      -47.2739468,
      -23.0918662
     ],
     [
      -47.2740546,
      -23.09219
     ],
     [
      -47.2740715,
      -23.0922222
     ],
     [
      -47.2740965,
      -23.0922495
     ],
     [
      -47.2741281,
      -23.0922703
     ],
     [
      -47.2741547,
      -23.0922807
     ],
     [
      -47.2741888,
      -23.0922918
     ]
    ]
   }
  },
  {
   "type": "Feature",
   "properties": {
    "nome": "Avenida Heloisa de Camargo Braga",
    "tipo": "ciclofaixa",
    "fonte": "OpenStreetMap",
    "osm_id": 1189371191
   },
   "geometry": {
    "type": "LineString",
    "coordinates": [
     [
      -47.2738028,
      -23.0893085
     ],
     [
      -47.274037,
      -23.0895139
     ],
     [
      -47.2741594,
      -23.0896213
     ],
     [
      -47.2746662,
      -23.0900447
     ],
     [
      -47.2753064,
      -23.0905795
     ],
     [
      -47.2759402,
      -23.0911089
     ],
     [
      -47.2760045,
      -23.0911626
     ],
     [
      -47.2760582,
      -23.0912072
     ],
     [
      -47.2766556,
      -23.0917065
     ]
    ]
   }
  },
  {
   "type": "Feature",
   "properties": {
    "nome": "Ciclovia",
    "tipo": "ciclovia",
    "fonte": "OpenStreetMap",
    "osm_id": 1497355350
   },
   "geometry": {
    "type": "LineString",
    "coordinates": [
     [
      -47.2670947,
      -23.1041761
     ],
     [
      -47.267075,
      -23.1041044
     ],
     [
      -47.2667461,
      -23.1041564
     ],
     [
      -47.266676,
      -23.1041535
     ],
     [
      -47.2664176,
      -23.1040991
     ],
     [
      -47.2661923,
      -23.1040426
     ],
     [
      -47.2657916,
      -23.1039599
     ],
     [
      -47.2650085,
      -23.103887
     ],
     [
      -47.2648747,
      -23.1038756
     ],
     [
      -47.2647835,
      -23.1038731
     ],
     [
      -47.2630031,
      -23.1036965
     ],
     [
      -47.2627575,
      -23.1036677
     ],
     [
      -47.2624545,
      -23.1036341
     ],
     [
      -47.2621588,
      -23.1036081
     ],
     [
      -47.2618547,
      -23.1035821
     ],
     [
      -47.2607805,
      -23.103561
     ],
     [
      -47.2601368,
      -23.1035879
     ],
     [
      -47.2597836,
      -23.103586
     ],
     [
      -47.2595182,
      -23.1035687
     ],
     [
      -47.2592904,
      -23.1035322
     ],
     [
      -47.2590835,
      -23.1034687
     ],
     [
      -47.2588191,
      -23.1033496
     ],
     [
      -47.2586338,
      -23.1032474
     ],
     [
      -47.2585015,
      -23.1031602
     ],
     [
      -47.2583604,
      -23.1030554
     ],
     [
      -47.2582674,
      -23.1029564
     ],
     [
      -47.2579508,
      -23.1026239
     ],
     [
      -47.2578129,
      -23.1024865
     ],
     [
      -47.2576703,
      -23.1023478
     ],
     [
      -47.2576028,
      -23.1022865
     ],
     [
      -47.2573531,
      -23.1020885
     ],
     [
      -47.2571451,
      -23.1019434
     ],
     [
      -47.2570292,
      -23.1018425
     ],
     [
      -47.2568348,
      -23.1016253
     ],
     [
      -47.2566749,
      -23.101435
     ],
     [
      -47.256537,
      -23.1013139
     ],
     [
      -47.2562089,
      -23.1010938
     ],
     [
      -47.2560468,
      -23.1009933
     ],
     [
      -47.2558963,
      -23.1009043
     ],
     [
      -47.2558268,
      -23.1008806
     ],
     [
      -47.25574,
      -23.1008793
     ],
     [
      -47.2556641,
      -23.100883
     ],
     [
      -47.2555992,
      -23.1008922
     ]
    ]
   }
  },
  {
   "type": "Feature",
   "properties": {
    "nome": "Ciclovia",
    "tipo": "ciclovia",
    "fonte": "OpenStreetMap",
    "osm_id": 1497760433
   },
   "geometry": {
    "type": "LineString",
    "coordinates": [
     [
      -47.2712187,
      -23.1005623
     ],
     [
      -47.2711666,
      -23.100639
     ],
     [
      -47.2710701,
      -23.1007264
     ],
     [
      -47.2708725,
      -23.100911
     ],
     [
      -47.2706258,
      -23.1011336
     ],
     [
      -47.2705262,
      -23.1012182
     ],
     [
      -47.2704714,
      -23.1012686
     ],
     [
      -47.2701356,
      -23.1015775
     ],
     [
      -47.2697204,
      -23.1019608
     ],
     [
      -47.2695366,
      -23.1021369
     ],
     [
      -47.2692501,
      -23.1024202
     ],
     [
      -47.2690249,
      -23.1026527
     ],
     [
      -47.2688073,
      -23.1028697
     ],
     [
      -47.2686511,
      -23.1030388
     ],
     [
      -47.2684182,
      -23.1033234
     ],
     [
      -47.2683125,
      -23.1034714
     ],
     [
      -47.2680352,
      -23.1037518
     ],
     [
      -47.2678498,
      -23.1038871
     ],
     [
      -47.2676596,
      -23.1039677
     ],
     [
      -47.2675649,
      -23.1040125
     ],
     [
      -47.2673044,
      -23.1040745
     ],
     [
      -47.267139,
      -23.1041041
     ],
     [
      -47.267075,
      -23.1041044
     ]
    ]
   }
  },
  {
   "type": "Feature",
   "properties": {
    "nome": "Rua Dirce Braga Berti",
    "tipo": "ciclofaixa",
    "fonte": "OpenStreetMap",
    "osm_id": 1189371192
   },
   "geometry": {
    "type": "LineString",
    "coordinates": [
     [
      -47.2741888,
      -23.0922918
     ],
     [
      -47.2743173,
      -23.0922807
     ],
     [
      -47.2744096,
      -23.0922608
     ],
     [
      -47.2760326,
      -23.091911
     ]
    ]
   }
  },
  {
   "type": "Feature",
   "properties": {
    "nome": "Ciclovia",
    "tipo": "ciclovia",
    "fonte": "OpenStreetMap",
    "osm_id": 1497754500
   },
   "geometry": {
    "type": "LineString",
    "coordinates": [
     [
      -47.2767185,
      -23.0917586
     ],
     [
      -47.2763478,
      -23.0918549
     ],
     [
      -47.2761744,
      -23.0918987
     ],
     [
      -47.2760326,
      -23.091911
     ]
    ]
   }
  },
  {
   "type": "Feature",
   "properties": {
    "nome": "Rua Walter Eugênio",
    "tipo": "ciclofaixa",
    "fonte": "OpenStreetMap",
    "osm_id": 1174222013
   },
   "geometry": {
    "type": "LineString",
    "coordinates": [
     [
      -47.2819529,
      -23.0858751
     ],
     [
      -47.2821938,
      -23.0859769
     ],
     [
      -47.2823735,
      -23.0860855
     ],
     [
      -47.2824714,
      -23.0861669
     ]
    ]
   }
  },
  {
   "type": "Feature",
   "properties": {
    "nome": "Rua Ricardo Neves Clemente",
    "tipo": "ciclofaixa",
    "fonte": "OpenStreetMap",
    "osm_id": 1174222049
   },
   "geometry": {
    "type": "LineString",
    "coordinates": [
     [
      -47.2833717,
      -23.0879882
     ],
     [
      -47.2833672,
      -23.0880261
     ],
     [
      -47.283355,
      -23.0880611
     ],
     [
      -47.2833355,
      -23.0880932
     ],
     [
      -47.2833096,
      -23.0881211
     ],
     [
      -47.2831768,
      -23.0882445
     ],
     [
      -47.2829112,
      -23.0884381
     ],
     [
      -47.2827709,
      -23.0885528
     ],
     [
      -47.2826524,
      -23.0886898
     ],
     [
      -47.2825009,
      -23.0888391
     ],
     [
      -47.2824573,
      -23.088882
     ],
     [
      -47.2824098,
      -23.0889212
     ],
     [
      -47.2823587,
      -23.0889563
     ],
     [
      -47.2823062,
      -23.0889861
     ],
     [
      -47.2822511,
      -23.0890117
     ],
     [
      -47.2821938,
      -23.0890328
     ],
     [
      -47.2820087,
      -23.0890871
     ],
     [
      -47.2817961,
      -23.0891147
     ],
     [
      -47.2817619,
      -23.0891191
     ],
     [
      -47.2814897,
      -23.0891512
     ],
     [
      -47.2814025,
      -23.0891672
     ],
     [
      -47.2813095,
      -23.0891911
     ],
     [
      -47.2812587,
      -23.0892081
     ],
     [
      -47.2812188,
      -23.0892215
     ],
     [
      -47.2808956,
      -23.0893683
     ],
     [
      -47.2807588,
      -23.0894117
     ],
     [
      -47.2806542,
      -23.0894448
     ],
     [
      -47.2803524,
      -23.0895374
     ],
     [
      -47.2802593,
      -23.0895769
     ],
     [
      -47.2799514,
      -23.0897076
     ],
     [
      -47.2797655,
      -23.0897991
     ],
     [
      -47.2797208,
      -23.0898211
     ],
     [
      -47.2796766,
      -23.089833
     ],
     [
      -47.2796309,
      -23.0898384
     ],
     [
      -47.2795884,
      -23.0898374
     ],
     [
      -47.2795466,
      -23.0898308
     ],
     [
      -47.2795062,
      -23.0898186
     ],
     [
      -47.2792688,
      -23.0897039
     ],
     [
      -47.279073,
      -23.0895941
     ],
     [
      -47.2790195,
      -23.0895719
     ],
     [
      -47.2789635,
      -23.0895555
     ],
     [
      -47.2789059,
      -23.0895453
     ],
     [
      -47.2788473,
      -23.0895412
     ],
     [
      -47.278821,
      -23.0895423
     ]
    ]
   }
  },
  {
   "type": "Feature",
   "properties": {
    "nome": "Rua Isaac Newton Cruz e Silva",
    "tipo": "ciclofaixa",
    "fonte": "OpenStreetMap",
    "osm_id": 1189371195
   },
   "geometry": {
    "type": "LineString",
    "coordinates": [
     [
      -47.2780263,
      -23.0860377
     ],
     [
      -47.2780402,
      -23.0860782
     ],
     [
      -47.2780749,
      -23.0862368
     ],
     [
      -47.2780871,
      -23.0862737
     ],
     [
      -47.2780941,
      -23.0862885
     ],
     [
      -47.2781038,
      -23.086309
     ],
     [
      -47.2781247,
      -23.0863423
     ],
     [
      -47.27815,
      -23.0863736
     ],
     [
      -47.2781791,
      -23.0864019
     ],
     [
      -47.2782706,
      -23.0865169
     ],
     [
      -47.2782789,
      -23.0865418
     ],
     [
      -47.278282,
      -23.0865677
     ],
     [
      -47.2782798,
      -23.0865936
     ],
     [
      -47.2782694,
      -23.0866258
     ]
    ]
   }
  },
  {
   "type": "Feature",
   "properties": {
    "nome": "Rua Walter Eugênio",
    "tipo": "ciclofaixa",
    "fonte": "OpenStreetMap",
    "osm_id": 1189373716
   },
   "geometry": {
    "type": "LineString",
    "coordinates": [
     [
      -47.2824714,
      -23.0861669
     ],
     [
      -47.2825572,
      -23.0862594
     ],
     [
      -47.2826323,
      -23.0863779
     ],
     [
      -47.2827444,
      -23.086616
     ],
     [
      -47.2833551,
      -23.0879138
     ],
     [
      -47.2833676,
      -23.0879502
     ],
     [
      -47.2833717,
      -23.0879882
     ]
    ]
   }
  },
  {
   "type": "Feature",
   "properties": {
    "nome": "Rua Walter Eugênio",
    "tipo": "ciclofaixa",
    "fonte": "OpenStreetMap",
    "osm_id": 1189373717
   },
   "geometry": {
    "type": "LineString",
    "coordinates": [
     [
      -47.2811968,
      -23.0855884
     ],
     [
      -47.2817185,
      -23.0857688
     ]
    ]
   }
  },
  {
   "type": "Feature",
   "properties": {
    "nome": "Rua Walter Eugênio",
    "tipo": "ciclofaixa",
    "fonte": "OpenStreetMap",
    "osm_id": 1497754498
   },
   "geometry": {
    "type": "LineString",
    "coordinates": [
     [
      -47.2817185,
      -23.0857688
     ],
     [
      -47.2819529,
      -23.0858751
     ]
    ]
   }
  },
  {
   "type": "Feature",
   "properties": {
    "nome": "Rua Pastor Elias Osório da Silva",
    "tipo": "ciclofaixa",
    "fonte": "OpenStreetMap",
    "osm_id": 1174219204
   },
   "geometry": {
    "type": "LineString",
    "coordinates": [
     [
      -47.2775597,
      -23.084748
     ],
     [
      -47.2776159,
      -23.0847704
     ],
     [
      -47.2783626,
      -23.0848108
     ],
     [
      -47.2792811,
      -23.084881
     ]
    ]
   }
  },
  {
   "type": "Feature",
   "properties": {
    "nome": "Rua Isaac Newton Cruz e Silva",
    "tipo": "ciclofaixa",
    "fonte": "OpenStreetMap",
    "osm_id": 1174219207
   },
   "geometry": {
    "type": "LineString",
    "coordinates": [
     [
      -47.2792811,
      -23.084881
     ],
     [
      -47.2792809,
      -23.084905
     ],
     [
      -47.2792708,
      -23.0849503
     ],
     [
      -47.2792561,
      -23.0849847
     ],
     [
      -47.2792359,
      -23.0850165
     ],
     [
      -47.2792106,
      -23.0850451
     ],
     [
      -47.2786943,
      -23.0853135
     ],
     [
      -47.2786827,
      -23.0853305
     ],
     [
      -47.278472,
      -23.0854509
     ],
     [
      -47.2783713,
      -23.0855297
     ],
     [
      -47.278149,
      -23.0857331
     ],
     [
      -47.2781068,
      -23.0857977
     ],
     [
      -47.2780726,
      -23.0858662
     ],
     [
      -47.2780518,
      -23.0859221
     ],
     [
      -47.2780363,
      -23.0859794
     ],
     [
      -47.2780263,
      -23.0860377
     ]
    ]
   }
  },
  {
   "type": "Feature",
   "properties": {
    "nome": "Rua Elói Augusto da Silva",
    "tipo": "ciclofaixa",
    "fonte": "OpenStreetMap",
    "osm_id": 1174219187
   },
   "geometry": {
    "type": "LineString",
    "coordinates": [
     [
      -47.2760787,
      -23.0910883
     ],
     [
      -47.2760806,
      -23.0909978
     ],
     [
      -47.2761092,
      -23.0905379
     ],
     [
      -47.2761234,
      -23.0902971
     ],
     [
      -47.2761463,
      -23.0902662
     ]
    ]
   }
  },
  {
   "type": "Feature",
   "properties": {
    "nome": "Rua Milton Rosa da Silva",
    "tipo": "ciclofaixa",
    "fonte": "OpenStreetMap",
    "osm_id": 1174219209
   },
   "geometry": {
    "type": "LineString",
    "coordinates": [
     [
      -47.2735263,
      -23.0893491
     ],
     [
      -47.2735566,
      -23.0892417
     ],
     [
      -47.2735743,
      -23.0892026
     ],
     [
      -47.273603,
      -23.0891591
     ],
     [
      -47.2736273,
      -23.0891335
     ],
     [
      -47.2736565,
      -23.0891087
     ],
     [
      -47.2736888,
      -23.0890875
     ],
     [
      -47.2737238,
      -23.0890701
     ],
     [
      -47.2738938,
      -23.0889915
     ],
     [
      -47.2739478,
      -23.088954
     ],
     [
      -47.2739967,
      -23.088911
     ],
     [
      -47.2740399,
      -23.0888631
     ],
     [
      -47.2740722,
      -23.0888183
     ],
     [
      -47.2740995,
      -23.0887708
     ],
     [
      -47.2741216,
      -23.088721
     ],
     [
      -47.2741382,
      -23.0886695
     ],
     [
      -47.2741469,
      -23.0885794
     ],
     [
      -47.2741426,
      -23.0884892
     ],
     [
      -47.2741388,
      -23.0884647
     ],
     [
      -47.2741271,
      -23.0884193
     ],
     [
      -47.2741132,
      -23.0883737
     ],
     [
      -47.2740948,
      -23.0883295
     ],
     [
      -47.2740672,
      -23.0882794
     ],
     [
      -47.2740339,
      -23.0882323
     ],
     [
      -47.2739952,
      -23.0881889
     ],
     [
      -47.2738829,
      -23.0880652
     ],
     [
      -47.2738667,
      -23.0880473
     ],
     [
      -47.2738434,
      -23.0880071
     ],
     [
      -47.2738267,
      -23.0879642
     ],
     [
      -47.2738169,
      -23.0879195
     ],
     [
      -47.2738143,
      -23.0878736
     ],
     [
      -47.2738189,
      -23.0878278
     ],
     [
      -47.2738308,
      -23.0877832
     ],
     [
      -47.2739177,
      -23.0874587
     ],
     [
      -47.2740489,
      -23.0869689
     ]
    ]
   }
  },
  {
   "type": "Feature",
   "properties": {
    "nome": "Rua Milton Rosa da Silva",
    "tipo": "ciclofaixa",
    "fonte": "OpenStreetMap",
    "osm_id": 1497754493
   },
   "geometry": {
    "type": "LineString",
    "coordinates": [
     [
      -47.2737257,
      -23.0896407
     ],
     [
      -47.2736108,
      -23.0895191
     ],
     [
      -47.2735813,
      -23.0894902
     ],
     [
      -47.2735575,
      -23.0894572
     ],
     [
      -47.27354,
      -23.0894209
     ],
     [
      -47.2735301,
      -23.0893855
     ],
     [
      -47.2735263,
      -23.0893491
     ]
    ]
   }
  },
  {
   "type": "Feature",
   "properties": {
    "nome": "Ciclovia",
    "tipo": "ciclovia",
    "fonte": "OpenStreetMap",
    "osm_id": 1497754495
   },
   "geometry": {
    "type": "LineString",
    "coordinates": [
     [
      -47.2734812,
      -23.0896293
     ],
     [
      -47.2735263,
      -23.0893491
     ]
    ]
   }
  },
  {
   "type": "Feature",
   "properties": {
    "nome": "Ciclovia",
    "tipo": "ciclovia",
    "fonte": "OpenStreetMap",
    "osm_id": 1497754496
   },
   "geometry": {
    "type": "LineString",
    "coordinates": [
     [
      -47.273603,
      -23.0891591
     ],
     [
      -47.2738028,
      -23.0893085
     ]
    ]
   }
  },
  {
   "type": "Feature",
   "properties": {
    "nome": "Rua Darcy Possan",
    "tipo": "ciclofaixa",
    "fonte": "OpenStreetMap",
    "osm_id": 1497998685
   },
   "geometry": {
    "type": "LineString",
    "coordinates": [
     [
      -47.2760045,
      -23.0911626
     ],
     [
      -47.2760787,
      -23.0910883
     ]
    ]
   }
  },
  {
   "type": "Feature",
   "properties": {
    "nome": "Rua Elói Augusto da Silva",
    "tipo": "ciclofaixa",
    "fonte": "OpenStreetMap",
    "osm_id": 1174219194
   },
   "geometry": {
    "type": "LineString",
    "coordinates": [
     [
      -47.2765018,
      -23.0848025
     ],
     [
      -47.2764768,
      -23.0851857
     ],
     [
      -47.2764454,
      -23.0856691
     ],
     [
      -47.2764133,
      -23.0861618
     ],
     [
      -47.2763816,
      -23.0866496
     ],
     [
      -47.2763501,
      -23.0871331
     ],
     [
      -47.2763186,
      -23.0876172
     ],
     [
      -47.276287,
      -23.0881038
     ],
     [
      -47.2762556,
      -23.0885853
     ],
     [
      -47.2762236,
      -23.0890778
     ],
     [
      -47.276192,
      -23.0895628
     ],
     [
      -47.2761606,
      -23.0900454
     ],
     [
      -47.2761463,
      -23.0902662
     ]
    ]
   }
  },
  {
   "type": "Feature",
   "properties": {
    "nome": "Rua Milton Rosa da Silva",
    "tipo": "ciclofaixa",
    "fonte": "OpenStreetMap",
    "osm_id": 1189371194
   },
   "geometry": {
    "type": "LineString",
    "coordinates": [
     [
      -47.2740489,
      -23.0869689
     ],
     [
      -47.2741052,
      -23.0867587
     ],
     [
      -47.2741154,
      -23.0866609
     ],
     [
      -47.2741179,
      -23.0865627
     ],
     [
      -47.2741166,
      -23.086533
     ],
     [
      -47.2741141,
      -23.0864795
     ],
     [
      -47.2741048,
      -23.0863967
     ],
     [
      -47.2740901,
      -23.0863146
     ],
     [
      -47.2740531,
      -23.0860518
     ],
     [
      -47.2739812,
      -23.0855412
     ],
     [
      -47.2739755,
      -23.0855009
     ],
     [
      -47.2739738,
      -23.085446
     ],
     [
      -47.273979,
      -23.0853912
     ],
     [
      -47.2739892,
      -23.0853438
     ],
     [
      -47.2740045,
      -23.0852975
     ],
     [
      -47.2740705,
      -23.0851591
     ],
     [
      -47.2741029,
      -23.0850728
     ],
     [
      -47.2741183,
      -23.0850444
     ],
     [
      -47.2741399,
      -23.0850196
     ],
     [
      -47.2741669,
      -23.0849988
     ],
     [
      -47.2742106,
      -23.0849825
     ],
     [
      -47.2742931,
      -23.084965
     ]
    ]
   }
  },
  {
   "type": "Feature",
   "properties": {
    "nome": "Rua Therezinha Badin Pereira",
    "tipo": "ciclofaixa",
    "fonte": "OpenStreetMap",
    "osm_id": 1174219208
   },
   "geometry": {
    "type": "LineString",
    "coordinates": [
     [
      -47.2742931,
      -23.084965
     ],
     [
      -47.274433,
      -23.0849494
     ],
     [
      -47.2746539,
      -23.0849256
     ],
     [
      -47.275146,
      -23.0848907
     ],
     [
      -47.2765018,
      -23.0848025
     ],
     [
      -47.276952,
      -23.0847735
     ],
     [
      -47.2775597,
      -23.084748
     ]
    ]
   }
  },
  {
   "type": "Feature",
   "properties": {
    "nome": "Avenida Fábio Ferraz Bicudo",
    "tipo": "ciclofaixa",
    "fonte": "OpenStreetMap",
    "osm_id": 511591659
   },
   "geometry": {
    "type": "LineString",
    "coordinates": [
     [
      -47.2384255,
      -23.0861718
     ],
     [
      -47.2423182,
      -23.0862907
     ],
     [
      -47.2431868,
      -23.0863186
     ],
     [
      -47.2432936,
      -23.086323
     ],
     [
      -47.2437734,
      -23.0863408
     ],
     [
      -47.2439834,
      -23.0863474
     ],
     [
      -47.2441918,
      -23.0863506
     ],
     [
      -47.2475021,
      -23.0864742
     ],
     [
      -47.247767,
      -23.0865013
     ],
     [
      -47.2479797,
      -23.0865645
     ],
     [
      -47.2481629,
      -23.0866532
     ],
     [
      -47.2482573,
      -23.0867118
     ]
    ]
   }
  },
  {
   "type": "Feature",
   "properties": {
    "nome": "Avenida Fábio Ferraz Bicudo",
    "tipo": "ciclofaixa",
    "fonte": "OpenStreetMap",
    "osm_id": 511591660
   },
   "geometry": {
    "type": "LineString",
    "coordinates": [
     [
      -47.2480935,
      -23.0867973
     ],
     [
      -47.2478536,
      -23.086698
     ],
     [
      -47.2476122,
      -23.0866484
     ],
     [
      -47.2471117,
      -23.0866306
     ],
     [
      -47.2441816,
      -23.0865363
     ],
     [
      -47.2440017,
      -23.0865323
     ],
     [
      -47.2438086,
      -23.0865229
     ],
     [
      -47.2437638,
      -23.0865215
     ],
     [
      -47.2437359,
      -23.0865201
     ],
     [
      -47.243091,
      -23.0864982
     ],
     [
      -47.2427268,
      -23.086484
     ],
     [
      -47.2414204,
      -23.0864407
     ],
     [
      -47.2388104,
      -23.0863729
     ],
     [
      -47.2384738,
      -23.0863778
     ]
    ]
   }
  },
  {
   "type": "Feature",
   "properties": {
    "nome": "Ciclovia Fábio Ferraz",
    "tipo": "ciclovia",
    "fonte": "OpenStreetMap",
    "osm_id": 1497377095
   },
   "geometry": {
    "type": "LineString",
    "coordinates": [
     [
      -47.2480757,
      -23.0866796
     ],
     [
      -47.2478725,
      -23.0866015
     ],
     [
      -47.2477005,
      -23.0865584
     ],
     [
      -47.2472895,
      -23.086544
     ],
     [
      -47.2462441,
      -23.0865132
     ],
     [
      -47.2451876,
      -23.0864659
     ],
     [
      -47.2441877,
      -23.086427
     ],
     [
      -47.2439793,
      -23.0864228
     ],
     [
      -47.2438943,
      -23.0864392
     ],
     [
      -47.2437658,
      -23.0864387
     ],
     [
      -47.2434778,
      -23.0864312
     ],
     [
      -47.2433514,
      -23.0864063
     ],
     [
      -47.2430969,
      -23.0863979
     ],
     [
      -47.243043,
      -23.086398
     ],
     [
      -47.2424861,
      -23.086374
     ],
     [
      -47.241623,
      -23.086362
     ],
     [
      -47.2392977,
      -23.0862751
     ],
     [
      -47.2382816,
      -23.0862422
     ],
     [
      -47.2382203,
      -23.0862487
     ]
    ]
   }
  },
  {
   "type": "Feature",
   "properties": {
    "nome": "Rodovia João Ceccon",
    "tipo": "ciclofaixa",
    "fonte": "OpenStreetMap",
    "osm_id": 361650191
   },
   "geometry": {
    "type": "LineString",
    "coordinates": [
     [
      -47.2465063,
      -23.0670092
     ],
     [
      -47.2462307,
      -23.0669691
     ],
     [
      -47.2460201,
      -23.0669247
     ],
     [
      -47.2458766,
      -23.0669037
     ],
     [
      -47.2458069,
      -23.0668951
     ],
     [
      -47.2457251,
      -23.0668877
     ],
     [
      -47.2456299,
      -23.0668914
     ],
     [
      -47.245532,
      -23.0669025
     ],
     [
      -47.2453845,
      -23.0669469
     ],
     [
      -47.2452839,
      -23.0669975
     ],
     [
      -47.2451565,
      -23.0670851
     ],
     [
      -47.2435217,
      -23.0686139
     ],
     [
      -47.243319,
      -23.0687792
     ],
     [
      -47.2431569,
      -23.0689026
     ],
     [
      -47.2427471,
      -23.0691826
     ],
     [
      -47.2425742,
      -23.0692826
     ],
     [
      -47.242253,
      -23.0694702
     ],
     [
      -47.2419982,
      -23.0696133
     ],
     [
      -47.2417168,
      -23.0697351
     ],
     [
      -47.2413497,
      -23.069866
     ],
     [
      -47.2411187,
      -23.0699706
     ],
     [
      -47.2410138,
      -23.0700254
     ],
     [
      -47.2409373,
      -23.0700829
     ]
    ]
   }
  },
  {
   "type": "Feature",
   "properties": {
    "nome": "Rodovia João Ceccon",
    "tipo": "ciclofaixa",
    "fonte": "OpenStreetMap",
    "osm_id": 511591410
   },
   "geometry": {
    "type": "LineString",
    "coordinates": [
     [
      -47.2406163,
      -23.0704115
     ],
     [
      -47.2403819,
      -23.0707863
     ],
     [
      -47.2402641,
      -23.0709496
     ],
     [
      -47.2402102,
      -23.0710232
     ],
     [
      -47.2401743,
      -23.0710717
     ],
     [
      -47.2399423,
      -23.0714147
     ],
     [
      -47.2398444,
      -23.0715418
     ],
     [
      -47.2397628,
      -23.0716574
     ],
     [
      -47.2397014,
      -23.0717164
     ],
     [
      -47.2395799,
      -23.0718462
     ],
     [
      -47.239429,
      -23.0719394
     ]
    ]
   }
  },
  {
   "type": "Feature",
   "properties": {
    "nome": "Rodovia João Ceccon",
    "tipo": "ciclofaixa",
    "fonte": "OpenStreetMap",
    "osm_id": 1561093260
   },
   "geometry": {
    "type": "LineString",
    "coordinates": [
     [
      -47.2409373,
      -23.0700829
     ],
     [
      -47.2406976,
      -23.0703421
     ],
     [
      -47.2406635,
      -23.0703788
     ]
    ]
   }
  },
  {
   "type": "Feature",
   "properties": {
    "nome": "Rodovia João Ceccon",
    "tipo": "ciclofaixa",
    "fonte": "OpenStreetMap",
    "osm_id": 1561093261
   },
   "geometry": {
    "type": "LineString",
    "coordinates": [
     [
      -47.2406635,
      -23.0703788
     ],
     [
      -47.2406418,
      -23.0703974
     ],
     [
      -47.2406163,
      -23.0704115
     ]
    ]
   }
  },
  {
   "type": "Feature",
   "properties": {
    "nome": "Ciclovia",
    "tipo": "ciclovia",
    "fonte": "OpenStreetMap",
    "osm_id": 914215025
   },
   "geometry": {
    "type": "LineString",
    "coordinates": [
     [
      -47.2334958,
      -23.1026403
     ],
     [
      -47.2335275,
      -23.1025555
     ],
     [
      -47.2336009,
      -23.1024746
     ],
     [
      -47.2343832,
      -23.1019306
     ],
     [
      -47.2345978,
      -23.1017444
     ],
     [
      -47.2353136,
      -23.1013037
     ],
     [
      -47.2355711,
      -23.1010353
     ],
     [
      -47.2356703,
      -23.1009398
     ],
     [
      -47.2358641,
      -23.100633
     ],
     [
      -47.236071,
      -23.1005768
     ],
     [
      -47.2361978,
      -23.1005423
     ],
     [
      -47.2364595,
      -23.1005047
     ],
     [
      -47.2365555,
      -23.1005002
     ],
     [
      -47.2366443,
      -23.1005101
     ],
     [
      -47.236736,
      -23.1005782
     ],
     [
      -47.236809,
      -23.1006583
     ],
     [
      -47.2368434,
      -23.1007443
     ],
     [
      -47.2368489,
      -23.1008489
     ],
     [
      -47.2368328,
      -23.1009562
     ],
     [
      -47.2367792,
      -23.1010926
     ],
     [
      -47.2365809,
      -23.1013276
     ],
     [
      -47.2364114,
      -23.1014407
     ],
     [
      -47.2354118,
      -23.1020352
     ],
     [
      -47.2338383,
      -23.102867
     ],
     [
      -47.2337342,
      -23.1029155
     ],
     [
      -47.2336172,
      -23.1029442
     ],
     [
      -47.2335405,
      -23.1029132
     ],
     [
      -47.2335028,
      -23.1028332
     ],
     [
      -47.2334958,
      -23.1026403
     ]
    ]
   }
  },
  {
   "type": "Feature",
   "properties": {
    "nome": "Rua Miguel Domingues",
    "tipo": "ciclofaixa",
    "fonte": "OpenStreetMap",
    "osm_id": 1502519682
   },
   "geometry": {
    "type": "LineString",
    "coordinates": [
     [
      -47.2287158,
      -23.0982938
     ],
     [
      -47.2287972,
      -23.0982923
     ]
    ]
   }
  },
  {
   "type": "Feature",
   "properties": {
    "nome": "Avenida Engenheiro Fábio Roberto Barnabé",
    "tipo": "ciclofaixa",
    "fonte": "OpenStreetMap",
    "osm_id": 1509782267
   },
   "geometry": {
    "type": "LineString",
    "coordinates": [
     [
      -47.2287972,
      -23.0982923
     ],
     [
      -47.2287625,
      -23.0984342
     ],
     [
      -47.2287543,
      -23.0987347
     ],
     [
      -47.2287596,
      -23.0989119
     ],
     [
      -47.2287643,
      -23.098987
     ],
     [
      -47.2287927,
      -23.0991656
     ],
     [
      -47.22882,
      -23.0993163
     ],
     [
      -47.2288488,
      -23.0994583
     ],
     [
      -47.2288935,
      -23.099598
     ],
     [
      -47.2290275,
      -23.0998897
     ],
     [
      -47.2291286,
      -23.1000245
     ],
     [
      -47.2291925,
      -23.1001246
     ]
    ]
   }
  },
  {
   "type": "Feature",
   "properties": {
    "nome": "Ciclovia",
    "tipo": "ciclovia",
    "fonte": "OpenStreetMap",
    "osm_id": 1513102012
   },
   "geometry": {
    "type": "LineString",
    "coordinates": [
     [
      -47.2258543,
      -23.0996057
     ],
     [
      -47.2257532,
      -23.0993821
     ],
     [
      -47.2255297,
      -23.0989703
     ],
     [
      -47.2254433,
      -23.0988243
     ]
    ]
   }
  },
  {
   "type": "Feature",
   "properties": {
    "nome": "Ciclovia",
    "tipo": "ciclovia",
    "fonte": "OpenStreetMap",
    "osm_id": 1513102014
   },
   "geometry": {
    "type": "LineString",
    "coordinates": [
     [
      -47.2254433,
      -23.0988243
     ],
     [
      -47.2253546,
      -23.0987007
     ],
     [
      -47.2253842,
      -23.0986842
     ],
     [
      -47.2254052,
      -23.0986708
     ],
     [
      -47.2254003,
      -23.0986308
     ]
    ]
   }
  },
  {
   "type": "Feature",
   "properties": {
    "nome": "Rua Júlio Luiz Escodro",
    "tipo": "ciclofaixa",
    "fonte": "OpenStreetMap",
    "osm_id": 115177994
   },
   "geometry": {
    "type": "LineString",
    "coordinates": [
     [
      -47.2310693,
      -23.0919347
     ],
     [
      -47.2311406,
      -23.0922785
     ],
     [
      -47.2311634,
      -23.0923396
     ],
     [
      -47.231183,
      -23.092375
     ],
     [
      -47.2312036,
      -23.0924123
     ],
     [
      -47.2312881,
      -23.0925376
     ],
     [
      -47.2317588,
      -23.0930126
     ],
     [
      -47.231901,
      -23.0931705
     ],
     [
      -47.2320606,
      -23.0934431
     ],
     [
      -47.232137,
      -23.0935714
     ],
     [
      -47.2331274,
      -23.094739
     ],
     [
      -47.2331864,
      -23.0948285
     ],
     [
      -47.2332139,
      -23.0949
     ],
     [
      -47.2332173,
      -23.0949771
     ],
     [
      -47.2332079,
      -23.0951091
     ],
     [
      -47.2331703,
      -23.0952084
     ]
    ]
   }
  },
  {
   "type": "Feature",
   "properties": {
    "nome": "Alça Nilson Cardoso de Carvalho",
    "tipo": "ciclofaixa",
    "fonte": "OpenStreetMap",
    "osm_id": 269259858
   },
   "geometry": {
    "type": "LineString",
    "coordinates": [
     [
      -47.2248795,
      -23.0932687
     ],
     [
      -47.224974,
      -23.0932293
     ],
     [
      -47.2251477,
      -23.0931484
     ],
     [
      -47.2253215,
      -23.0931459
     ],
     [
      -47.2254535,
      -23.0931744
     ],
     [
      -47.2255672,
      -23.0932411
     ],
     [
      -47.225663,
      -23.0933315
     ],
     [
      -47.2258156,
      -23.0934337
     ],
     [
      -47.2258948,
      -23.0934642
     ],
     [
      -47.2260696,
      -23.0934888
     ],
     [
      -47.2262141,
      -23.0934739
     ],
     [
      -47.2264383,
      -23.0934139
     ],
     [
      -47.2267858,
      -23.0933253
     ],
     [
      -47.2268551,
      -23.0933076
     ],
     [
      -47.2273204,
      -23.0931797
     ],
     [
      -47.2274029,
      -23.0931359
     ],
     [
      -47.2274565,
      -23.0930902
     ],
     [
      -47.2275045,
      -23.0930375
     ],
     [
      -47.2275464,
      -23.0929636
     ],
     [
      -47.2275746,
      -23.092888
     ],
     [
      -47.2275837,
      -23.0928109
     ],
     [
      -47.2275806,
      -23.0927486
     ],
     [
      -47.2275741,
      -23.0926583
     ],
     [
      -47.2275829,
      -23.0925994
     ],
     [
      -47.2275877,
      -23.0925663
     ],
     [
      -47.2275986,
      -23.0924811
     ],
     [
      -47.2276305,
      -23.0924134
     ],
     [
      -47.2276869,
      -23.0923436
     ],
     [
      -47.2277427,
      -23.0922943
     ],
     [
      -47.2278366,
      -23.0922399
     ],
     [
      -47.2279112,
      -23.0922033
     ]
    ]
   }
  },
  {
   "type": "Feature",
   "properties": {
    "nome": "Rua Júlio Luiz Escodro",
    "tipo": "ciclofaixa",
    "fonte": "OpenStreetMap",
    "osm_id": 701932023
   },
   "geometry": {
    "type": "LineString",
    "coordinates": [
     [
      -47.2328907,
      -23.0952713
     ],
     [
      -47.2329833,
      -23.0952281
     ],
     [
      -47.2330564,
      -23.0951603
     ],
     [
      -47.2331025,
      -23.0950748
     ],
     [
      -47.2331171,
      -23.0949803
     ],
     [
      -47.2330986,
      -23.0948864
     ],
     [
      -47.233049,
      -23.0948026
     ],
     [
      -47.2320592,
      -23.0936158
     ],
     [
      -47.2320069,
      -23.0935393
     ],
     [
      -47.2319037,
      -23.0933543
     ],
     [
      -47.2318258,
      -23.0932309
     ],
     [
      -47.23174,
      -23.0931335
     ],
     [
      -47.2314745,
      -23.0928658
     ],
     [
      -47.231213,
      -23.0926018
     ],
     [
      -47.2311272,
      -23.0924703
     ],
     [
      -47.2310983,
      -23.092407
     ],
     [
      -47.2310715,
      -23.0923482
     ],
     [
      -47.2309578,
      -23.0919678
     ],
     [
      -47.2309408,
      -23.0919109
     ],
     [
      -47.230871,
      -23.0917333
     ],
     [
      -47.2308442,
      -23.0916839
     ],
     [
      -47.2308142,
      -23.0916259
     ]
    ]
   }
  },
  {
   "type": "Feature",
   "properties": {
    "nome": "Rua Ivan Roberto Canavezi",
    "tipo": "ciclofaixa",
    "fonte": "OpenStreetMap",
    "osm_id": 930575446
   },
   "geometry": {
    "type": "LineString",
    "coordinates": [
     [
      -47.2291629,
      -23.0960011
     ],
     [
      -47.229379,
      -23.0961953
     ],
     [
      -47.2294682,
      -23.096249
     ],
     [
      -47.2295567,
      -23.0962792
     ],
     [
      -47.2297263,
      -23.0963136
     ],
     [
      -47.2298229,
      -23.0963107
     ],
     [
      -47.2299349,
      -23.0962952
     ],
     [
      -47.2300949,
      -23.096241
     ],
     [
      -47.2313109,
      -23.0958092
     ],
     [
      -47.232774,
      -23.095311
     ],
     [
      -47.2328907,
      -23.0952713
     ]
    ]
   }
  },
  {
   "type": "Feature",
   "properties": {
    "nome": "Ciclovia do Parque Ecológico",
    "tipo": "ciclovia",
    "fonte": "OpenStreetMap",
    "osm_id": 1500876778
   },
   "geometry": {
    "type": "LineString",
    "coordinates": [
     [
      -47.2249292,
      -23.0877932
     ],
     [
      -47.2249449,
      -23.0877913
     ],
     [
      -47.2249682,
      -23.0877935
     ],
     [
      -47.2250074,
      -23.0878054
     ],
     [
      -47.2250666,
      -23.0878532
     ],
     [
      -47.2250962,
      -23.0878969
     ],
     [
      -47.2251439,
      -23.0880046
     ],
     [
      -47.2252075,
      -23.0881362
     ],
     [
      -47.2252858,
      -23.0882691
     ],
     [
      -47.2254138,
      -23.0884916
     ],
     [
      -47.2255484,
      -23.0887582
     ],
     [
      -47.225708,
      -23.0890386
     ],
     [
      -47.2259942,
      -23.0894778
     ],
     [
      -47.2262131,
      -23.0897514
     ],
     [
      -47.2263404,
      -23.0898994
     ],
     [
      -47.2266885,
      -23.0903077
     ],
     [
      -47.2268339,
      -23.090483
     ],
     [
      -47.2269706,
      -23.0906607
     ],
     [
      -47.2271372,
      -23.0909041
     ],
     [
      -47.2272979,
      -23.0911385
     ],
     [
      -47.2274424,
      -23.0913679
     ],
     [
      -47.2276436,
      -23.0916916
     ],
     [
      -47.2277782,
      -23.0919346
     ],
     [
      -47.2278665,
      -23.0921128
     ],
     [
      -47.2278947,
      -23.09217
     ]
    ]
   }
  },
  {
   "type": "Feature",
   "properties": {
    "nome": "Ciclovia",
    "tipo": "ciclovia",
    "fonte": "OpenStreetMap",
    "osm_id": 1500876784
   },
   "geometry": {
    "type": "LineString",
    "coordinates": [
     [
      -47.225412,
      -23.0942715
     ],
     [
      -47.2254331,
      -23.0942296
     ],
     [
      -47.2254285,
      -23.0941886
     ],
     [
      -47.225347,
      -23.094062
     ],
     [
      -47.2251465,
      -23.0937588
     ],
     [
      -47.2249338,
      -23.0934021
     ]
    ]
   }
  },
  {
   "type": "Feature",
   "properties": {
    "nome": "Ciclovia do Parque Ecológico",
    "tipo": "ciclovia",
    "fonte": "OpenStreetMap",
    "osm_id": 1502519681
   },
   "geometry": {
    "type": "LineString",
    "coordinates": [
     [
      -47.2290764,
      -23.096549
     ],
     [
      -47.2290802,
      -23.0968315
     ],
     [
      -47.2290835,
      -23.0970707
     ],
     [
      -47.2290746,
      -23.0972137
     ],
     [
      -47.2290343,
      -23.0973813
     ],
     [
      -47.2289776,
      -23.0975246
     ],
     [
      -47.2289209,
      -23.0976457
     ],
     [
      -47.2288783,
      -23.0977533
     ],
     [
      -47.2288054,
      -23.0979325
     ],
     [
      -47.228743,
      -23.0980337
     ],
     [
      -47.2287285,
      -23.0980861
     ],
     [
      -47.2287255,
      -23.0981253
     ],
     [
      -47.2287158,
      -23.0982938
     ]
    ]
   }
  },
  {
   "type": "Feature",
   "properties": {
    "nome": "Ciclovia do Parque Ecológico",
    "tipo": "ciclovia",
    "fonte": "OpenStreetMap",
    "osm_id": 1513102010
   },
   "geometry": {
    "type": "LineString",
    "coordinates": [
     [
      -47.225196,
      -23.0982934
     ],
     [
      -47.2250821,
      -23.0981534
     ],
     [
      -47.2250075,
      -23.0980013
     ],
     [
      -47.2249581,
      -23.0978534
     ],
     [
      -47.2249394,
      -23.0977758
     ],
     [
      -47.224918,
      -23.0976808
     ],
     [
      -47.2249037,
      -23.0976134
     ],
     [
      -47.2249001,
      -23.0975237
     ],
     [
      -47.224918,
      -23.0973991
     ],
     [
      -47.2249494,
      -23.0972745
     ],
     [
      -47.2250081,
      -23.0970693
     ],
     [
      -47.2251448,
      -23.0967144
     ],
     [
      -47.2252734,
      -23.096409
     ],
     [
      -47.2254261,
      -23.0961036
     ],
     [
      -47.2255589,
      -23.0958334
     ],
     [
      -47.2256461,
      -23.0956015
     ],
     [
      -47.2256891,
      -23.0953363
     ],
     [
      -47.2256858,
      -23.0950704
     ],
     [
      -47.225662,
      -23.0949212
     ],
     [
      -47.2256192,
      -23.0947751
     ],
     [
      -47.2254216,
      -23.0944137
     ]
    ]
   }
  },
  {
   "type": "Feature",
   "properties": {
    "nome": "Ciclovia",
    "tipo": "ciclovia",
    "fonte": "OpenStreetMap",
    "osm_id": 1513102013
   },
   "geometry": {
    "type": "LineString",
    "coordinates": [
     [
      -47.2254003,
      -23.0986308
     ],
     [
      -47.2253399,
      -23.0985215
     ],
     [
      -47.225196,
      -23.0982934
     ]
    ]
   }
  },
  {
   "type": "Feature",
   "properties": {
    "nome": "Alça Nilson Cardoso de Carvalho",
    "tipo": "ciclofaixa",
    "fonte": "OpenStreetMap",
    "osm_id": 115178151
   },
   "geometry": {
    "type": "LineString",
    "coordinates": [
     [
      -47.2284562,
      -23.0935047
     ],
     [
      -47.228382,
      -23.0935471
     ],
     [
      -47.2283134,
      -23.0935854
     ],
     [
      -47.2282246,
      -23.0936261
     ],
     [
      -47.2281246,
      -23.0936275
     ],
     [
      -47.2280185,
      -23.0936098
     ],
     [
      -47.2279188,
      -23.0935691
     ],
     [
      -47.2278257,
      -23.0935014
     ],
     [
      -47.2277208,
      -23.0934394
     ],
     [
      -47.2275967,
      -23.0933851
     ],
     [
      -47.2274811,
      -23.0933557
     ],
     [
      -47.227318,
      -23.093348
     ],
     [
      -47.2271227,
      -23.0933818
     ],
     [
      -47.2268288,
      -23.0934573
     ],
     [
      -47.2267206,
      -23.093488
     ],
     [
      -47.226268,
      -23.0936128
     ],
     [
      -47.2261387,
      -23.0936568
     ],
     [
      -47.2260586,
      -23.0937131
     ],
     [
      -47.2260019,
      -23.0937694
     ],
     [
      -47.2259532,
      -23.0938207
     ],
     [
      -47.2259127,
      -23.0938764
     ],
     [
      -47.2258856,
      -23.0939321
     ],
     [
      -47.2258557,
      -23.0940503
     ],
     [
      -47.2258339,
      -23.094171
     ],
     [
      -47.2258078,
      -23.0942312
     ],
     [
      -47.2257455,
      -23.0942976
     ],
     [
      -47.2257052,
      -23.0943258
     ],
     [
      -47.225638,
      -23.0943514
     ],
     [
      -47.2255446,
      -23.0943682
     ],
     [
      -47.2254602,
      -23.0943595
     ],
     [
      -47.2254,
      -23.0943285
     ]
    ]
   }
  },
  {
   "type": "Feature",
   "properties": {
    "nome": "Ciclovia",
    "tipo": "ciclovia",
    "fonte": "OpenStreetMap",
    "osm_id": 1500876779
   },
   "geometry": {
    "type": "LineString",
    "coordinates": [
     [
      -47.2279112,
      -23.0922033
     ],
     [
      -47.2279939,
      -23.092373
     ],
     [
      -47.2280398,
      -23.0924688
     ]
    ]
   }
  },
  {
   "type": "Feature",
   "properties": {
    "nome": "Ciclovia",
    "tipo": "ciclovia",
    "fonte": "OpenStreetMap",
    "osm_id": 1500876782
   },
   "geometry": {
    "type": "LineString",
    "coordinates": [
     [
      -47.2280398,
      -23.0924688
     ],
     [
      -47.228161,
      -23.0927469
     ],
     [
      -47.2282319,
      -23.0929168
     ],
     [
      -47.2284121,
      -23.0933829
     ]
    ]
   }
  },
  {
   "type": "Feature",
   "properties": {
    "nome": "Ciclovia",
    "tipo": "ciclovia",
    "fonte": "OpenStreetMap",
    "osm_id": 1500876783
   },
   "geometry": {
    "type": "LineString",
    "coordinates": [
     [
      -47.2284121,
      -23.0933829
     ],
     [
      -47.22843,
      -23.0934366
     ],
     [
      -47.2284562,
      -23.0935047
     ]
    ]
   }
  },
  {
   "type": "Feature",
   "properties": {
    "nome": "Ciclovia",
    "tipo": "ciclovia",
    "fonte": "OpenStreetMap",
    "osm_id": 1500876786
   },
   "geometry": {
    "type": "LineString",
    "coordinates": [
     [
      -47.2254216,
      -23.0944137
     ],
     [
      -47.2254,
      -23.0943285
     ]
    ]
   }
  },
  {
   "type": "Feature",
   "properties": {
    "nome": "Ciclovia do Parque Ecológico",
    "tipo": "ciclovia",
    "fonte": "OpenStreetMap",
    "osm_id": 1500879874
   },
   "geometry": {
    "type": "LineString",
    "coordinates": [
     [
      -47.2284768,
      -23.0935612
     ],
     [
      -47.228644,
      -23.0940857
     ],
     [
      -47.2287045,
      -23.0942835
     ],
     [
      -47.2289168,
      -23.0950061
     ],
     [
      -47.228952,
      -23.095144
     ],
     [
      -47.2289969,
      -23.0953386
     ],
     [
      -47.2290447,
      -23.095636
     ],
     [
      -47.2290516,
      -23.0956788
     ],
     [
      -47.2290654,
      -23.0958946
     ],
     [
      -47.2290708,
      -23.0961105
     ],
     [
      -47.2290687,
      -23.0962951
     ],
     [
      -47.2290764,
      -23.096549
     ]
    ]
   }
  },
  {
   "type": "Feature",
   "properties": {
    "nome": "Ciclovia",
    "tipo": "ciclovia",
    "fonte": "OpenStreetMap",
    "osm_id": 1509782270
   },
   "geometry": {
    "type": "LineString",
    "coordinates": [
     [
      -47.2284562,
      -23.0935047
     ],
     [
      -47.2284768,
      -23.0935612
     ]
    ]
   }
  },
  {
   "type": "Feature",
   "properties": {
    "nome": "Ciclovia",
    "tipo": "ciclovia",
    "fonte": "OpenStreetMap",
    "osm_id": 1509782272
   },
   "geometry": {
    "type": "LineString",
    "coordinates": [
     [
      -47.2254,
      -23.0943285
     ],
     [
      -47.225412,
      -23.0942715
     ]
    ]
   }
  },
  {
   "type": "Feature",
   "properties": {
    "nome": "Ciclovia",
    "tipo": "ciclovia",
    "fonte": "OpenStreetMap",
    "osm_id": 1509782273
   },
   "geometry": {
    "type": "LineString",
    "coordinates": [
     [
      -47.2278947,
      -23.09217
     ],
     [
      -47.2279112,
      -23.0922033
     ]
    ]
   }
  },
  {
   "type": "Feature",
   "properties": {
    "nome": "Ciclovia do Parque Ecológico",
    "tipo": "ciclovia",
    "fonte": "OpenStreetMap",
    "osm_id": 1500876773
   },
   "geometry": {
    "type": "LineString",
    "coordinates": [
     [
      -47.224855,
      -23.0931637
     ],
     [
      -47.2248446,
      -23.0930925
     ],
     [
      -47.2248282,
      -23.093037
     ],
     [
      -47.2247839,
      -23.0928867
     ],
     [
      -47.2247487,
      -23.0926819
     ],
     [
      -47.2247067,
      -23.0924155
     ],
     [
      -47.2246604,
      -23.092024
     ],
     [
      -47.2246432,
      -23.0916273
     ],
     [
      -47.2246208,
      -23.0911305
     ],
     [
      -47.2246018,
      -23.0906192
     ],
     [
      -47.2245884,
      -23.0904424
     ],
     [
      -47.2245622,
      -23.0902723
     ],
     [
      -47.2244439,
      -23.0899193
     ],
     [
      -47.2243404,
      -23.0896735
     ],
     [
      -47.2242403,
      -23.0893702
     ],
     [
      -47.2241905,
      -23.0892393
     ],
     [
      -47.22416,
      -23.0891469
     ]
    ]
   }
  },
  {
   "type": "Feature",
   "properties": {
    "nome": "Ciclovia",
    "tipo": "ciclovia",
    "fonte": "OpenStreetMap",
    "osm_id": 1509779137
   },
   "geometry": {
    "type": "LineString",
    "coordinates": [
     [
      -47.2177913,
      -23.094868
     ],
     [
      -47.2178537,
      -23.0949015
     ],
     [
      -47.2181212,
      -23.0950422
     ],
     [
      -47.2184659,
      -23.0952209
     ],
     [
      -47.2188622,
      -23.0954458
     ],
     [
      -47.219196,
      -23.0956404
     ]
    ]
   }
  },
  {
   "type": "Feature",
   "properties": {
    "nome": "Ciclovia",
    "tipo": "ciclovia",
    "fonte": "OpenStreetMap",
    "osm_id": 905306201
   },
   "geometry": {
    "type": "LineString",
    "coordinates": [
     [
      -47.2212921,
      -23.0965444
     ],
     [
      -47.2213917,
      -23.0965606
     ],
     [
      -47.2216935,
      -23.0966351
     ],
     [
      -47.2225354,
      -23.0967431
     ],
     [
      -47.2229183,
      -23.0967961
     ],
     [
      -47.2229915,
      -23.0968094
     ],
     [
      -47.2237404,
      -23.0969275
     ]
    ]
   }
  },
  {
   "type": "Feature",
   "properties": {
    "nome": "Ciclovia",
    "tipo": "ciclovia",
    "fonte": "OpenStreetMap",
    "osm_id": 1500876774
   },
   "geometry": {
    "type": "LineString",
    "coordinates": [
     [
      -47.2249338,
      -23.0934021
     ],
     [
      -47.2249131,
      -23.0933521
     ],
     [
      -47.2248795,
      -23.0932687
     ]
    ]
   }
  },
  {
   "type": "Feature",
   "properties": {
    "nome": "Ciclovia",
    "tipo": "ciclovia",
    "fonte": "OpenStreetMap",
    "osm_id": 1509779132
   },
   "geometry": {
    "type": "LineString",
    "coordinates": [
     [
      -47.2193289,
      -23.0957044
     ],
     [
      -47.2199364,
      -23.0960481
     ],
     [
      -47.2202104,
      -23.0962008
     ],
     [
      -47.2210363,
      -23.0964682
     ],
     [
      -47.2211694,
      -23.096507
     ]
    ]
   }
  },
  {
   "type": "Feature",
   "properties": {
    "nome": "Ciclovia",
    "tipo": "ciclovia",
    "fonte": "OpenStreetMap",
    "osm_id": 1509779135
   },
   "geometry": {
    "type": "LineString",
    "coordinates": [
     [
      -47.2211694,
      -23.096507
     ],
     [
      -47.2212256,
      -23.0965241
     ],
     [
      -47.2212921,
      -23.0965444
     ]
    ]
   }
  },
  {
   "type": "Feature",
   "properties": {
    "nome": "Ciclovia",
    "tipo": "ciclovia",
    "fonte": "OpenStreetMap",
    "osm_id": 1509779139
   },
   "geometry": {
    "type": "LineString",
    "coordinates": [
     [
      -47.219196,
      -23.0956404
     ],
     [
      -47.2192517,
      -23.0956672
     ],
     [
      -47.2193289,
      -23.0957044
     ]
    ]
   }
  },
  {
   "type": "Feature",
   "properties": {
    "nome": "Ciclovia",
    "tipo": "ciclovia",
    "fonte": "OpenStreetMap",
    "osm_id": 1509782277
   },
   "geometry": {
    "type": "LineString",
    "coordinates": [
     [
      -47.2248795,
      -23.0932687
     ],
     [
      -47.224855,
      -23.0931637
     ]
    ]
   }
  },
  {
   "type": "Feature",
   "properties": {
    "nome": "Ciclovia",
    "tipo": "ciclovia",
    "fonte": "OpenStreetMap",
    "osm_id": 550003539
   },
   "geometry": {
    "type": "LineString",
    "coordinates": [
     [
      -47.2180594,
      -23.0944262
     ],
     [
      -47.2178732,
      -23.0942992
     ],
     [
      -47.2175845,
      -23.0941166
     ],
     [
      -47.2164025,
      -23.0934974
     ]
    ]
   }
  },
  {
   "type": "Feature",
   "properties": {
    "nome": "Ciclovia",
    "tipo": "ciclovia",
    "fonte": "OpenStreetMap",
    "osm_id": 1509779127
   },
   "geometry": {
    "type": "LineString",
    "coordinates": [
     [
      -47.2164025,
      -23.0934974
     ],
     [
      -47.21622,
      -23.0933874
     ],
     [
      -47.2161552,
      -23.0933403
     ],
     [
      -47.2161116,
      -23.0933115
     ],
     [
      -47.2156397,
      -23.0930565
     ],
     [
      -47.2155515,
      -23.0930062
     ],
     [
      -47.2154827,
      -23.092966
     ],
     [
      -47.2152354,
      -23.0928233
     ],
     [
      -47.2151639,
      -23.0927555
     ],
     [
      -47.2149841,
      -23.092509
     ],
     [
      -47.2148683,
      -23.0923586
     ]
    ]
   }
  },
  {
   "type": "Feature",
   "properties": {
    "nome": "Ciclovia",
    "tipo": "ciclovia",
    "fonte": "OpenStreetMap",
    "osm_id": 1509779140
   },
   "geometry": {
    "type": "LineString",
    "coordinates": [
     [
      -47.2181212,
      -23.0950422
     ],
     [
      -47.2180607,
      -23.0949594
     ],
     [
      -47.2179964,
      -23.0948316
     ],
     [
      -47.2179769,
      -23.0947165
     ],
     [
      -47.21798,
      -23.0945778
     ]
    ]
   }
  },
  {
   "type": "Feature",
   "properties": {
    "nome": "Ciclovia",
    "tipo": "ciclovia",
    "fonte": "OpenStreetMap",
    "osm_id": 1499648142
   },
   "geometry": {
    "type": "LineString",
    "coordinates": [
     [
      -47.2258612,
      -23.0872086
     ],
     [
      -47.2259169,
      -23.0871775
     ],
     [
      -47.2260269,
      -23.0871324
     ],
     [
      -47.2260723,
      -23.0871307
     ],
     [
      -47.2262978,
      -23.0870271
     ],
     [
      -47.227763,
      -23.0863539
     ],
     [
      -47.2278412,
      -23.0863321
     ]
    ]
   }
  },
  {
   "type": "Feature",
   "properties": {
    "nome": "Ciclovia",
    "tipo": "ciclovia",
    "fonte": "OpenStreetMap",
    "osm_id": 1499648144
   },
   "geometry": {
    "type": "LineString",
    "coordinates": [
     [
      -47.2278412,
      -23.0863321
     ],
     [
      -47.2279082,
      -23.0863223
     ],
     [
      -47.2281312,
      -23.0862126
     ],
     [
      -47.2282403,
      -23.0861812
     ],
     [
      -47.2282899,
      -23.086193
     ],
     [
      -47.2283519,
      -23.08619
     ]
    ]
   }
  },
  {
   "type": "Feature",
   "properties": {
    "nome": "Rodovia João Ceccon",
    "tipo": "ciclofaixa",
    "fonte": "OpenStreetMap",
    "osm_id": 269259969
   },
   "geometry": {
    "type": "LineString",
    "coordinates": [
     [
      -47.2256659,
      -23.0785621
     ],
     [
      -47.2257413,
      -23.0785657
     ],
     [
      -47.2258273,
      -23.078551
     ],
     [
      -47.2260844,
      -23.0784075
     ]
    ]
   }
  },
  {
   "type": "Feature",
   "properties": {
    "nome": "Alameda José Amstalden",
    "tipo": "ciclofaixa",
    "fonte": "OpenStreetMap",
    "osm_id": 269260009
   },
   "geometry": {
    "type": "LineString",
    "coordinates": [
     [
      -47.2274531,
      -23.0728876
     ],
     [
      -47.2273859,
      -23.072976
     ],
     [
      -47.2272939,
      -23.0730789
     ],
     [
      -47.2272108,
      -23.0731915
     ],
     [
      -47.2266465,
      -23.0742932
     ],
     [
      -47.2264194,
      -23.0747675
     ],
     [
      -47.2261382,
      -23.0753251
     ],
     [
      -47.2260854,
      -23.0754508
     ],
     [
      -47.226048,
      -23.0755454
     ],
     [
      -47.2259853,
      -23.075745
     ],
     [
      -47.225909,
      -23.0759984
     ],
     [
      -47.2258793,
      -23.0761532
     ],
     [
      -47.225846,
      -23.0764327
     ],
     [
      -47.2256843,
      -23.0777915
     ],
     [
      -47.2256102,
      -23.0784142
     ],
     [
      -47.2256082,
      -23.0785302
     ]
    ]
   }
  },
  {
   "type": "Feature",
   "properties": {
    "nome": "Ciclovia Domingos Ferrarezzi",
    "tipo": "ciclovia",
    "fonte": "OpenStreetMap",
    "osm_id": 1325529555
   },
   "geometry": {
    "type": "LineString",
    "coordinates": [
     [
      -47.2354954,
      -23.0741189
     ],
     [
      -47.2359227,
      -23.074922
     ],
     [
      -47.2367649,
      -23.076509
     ],
     [
      -47.2368162,
      -23.076644
     ],
     [
      -47.2369517,
      -23.077517
     ],
     [
      -47.2369861,
      -23.0776807
     ],
     [
      -47.2370658,
      -23.0778832
     ],
     [
      -47.2372299,
      -23.0785907
     ],
     [
      -47.2372433,
      -23.0786993
     ],
     [
      -47.2372528,
      -23.0788006
     ],
     [
      -47.2373348,
      -23.0791245
     ],
     [
      -47.2373838,
      -23.0794856
     ],
     [
      -47.2375315,
      -23.0806494
     ],
     [
      -47.2377906,
      -23.0818031
     ],
     [
      -47.2379015,
      -23.0822855
     ],
     [
      -47.2379285,
      -23.0825004
     ],
     [
      -47.2379339,
      -23.0827405
     ],
     [
      -47.2379263,
      -23.0841039
     ],
     [
      -47.2379134,
      -23.0858782
     ],
     [
      -47.2379636,
      -23.0860054
     ]
    ]
   }
  },
  {
   "type": "Feature",
   "properties": {
    "nome": "Ciclovia",
    "tipo": "ciclovia",
    "fonte": "OpenStreetMap",
    "osm_id": 1497774244
   },
   "geometry": {
    "type": "LineString",
    "coordinates": [
     [
      -47.2258273,
      -23.078551
     ],
     [
      -47.2257571,
      -23.0785247
     ],
     [
      -47.2257328,
      -23.0785114
     ],
     [
      -47.225718,
      -23.0784931
     ],
     [
      -47.2257075,
      -23.0784419
     ],
     [
      -47.2257038,
      -23.0783895
     ],
     [
      -47.2257018,
      -23.0783095
     ],
     [
      -47.2257072,
      -23.0782245
     ],
     [
      -47.2257214,
      -23.0780247
     ],
     [
      -47.2258174,
      -23.0772136
     ],
     [
      -47.2258541,
      -23.0768175
     ],
     [
      -47.225846,
      -23.0764327
     ]
    ]
   }
  },
  {
   "type": "Feature",
   "properties": {
    "nome": "Ciclovia do Parque Ecológico",
    "tipo": "ciclovia",
    "fonte": "OpenStreetMap",
    "osm_id": 1500876739
   },
   "geometry": {
    "type": "LineString",
    "coordinates": [
     [
      -47.2248869,
      -23.081176
     ],
     [
      -47.2249914,
      -23.0813022
     ],
     [
      -47.2250547,
      -23.0813876
     ],
     [
      -47.2251738,
      -23.0815876
     ],
     [
      -47.2252851,
      -23.0817886
     ],
     [
      -47.2253421,
      -23.0819278
     ],
     [
      -47.2253922,
      -23.0820722
     ],
     [
      -47.2254426,
      -23.0822854
     ],
     [
      -47.2254906,
      -23.082547
     ],
     [
      -47.2255082,
      -23.0827648
     ],
     [
      -47.2255175,
      -23.0829715
     ],
     [
      -47.2255067,
      -23.0831856
     ],
     [
      -47.225478,
      -23.0833329
     ],
     [
      -47.2254433,
      -23.0834665
     ],
     [
      -47.2254033,
      -23.0836276
     ],
     [
      -47.2252536,
      -23.0840918
     ],
     [
      -47.2250501,
      -23.0847643
     ],
     [
      -47.2250045,
      -23.0849017
     ],
     [
      -47.2248842,
      -23.0853517
     ],
     [
      -47.2248293,
      -23.0857751
     ],
     [
      -47.2248116,
      -23.08615
     ],
     [
      -47.2247868,
      -23.0863613
     ],
     [
      -47.2247658,
      -23.0864588
     ]
    ]
   }
  },
  {
   "type": "Feature",
   "properties": {
    "nome": "Ciclovia",
    "tipo": "ciclovia",
    "fonte": "OpenStreetMap",
    "osm_id": 1524064405
   },
   "geometry": {
    "type": "LineString",
    "coordinates": [
     [
      -47.2377015,
      -23.0862596
     ],
     [
      -47.2374959,
      -23.0862707
     ],
     [
      -47.2367041,
      -23.086274
     ],
     [
      -47.236598,
      -23.0862744
     ],
     [
      -47.2365076,
      -23.0862721
     ],
     [
      -47.2364599,
      -23.0862709
     ],
     [
      -47.2363406,
      -23.086233
     ],
     [
      -47.2353328,
      -23.0862386
     ],
     [
      -47.2352452,
      -23.0862744
     ],
     [
      -47.2341722,
      -23.0862768
     ],
     [
      -47.234057,
      -23.0862773
     ],
     [
      -47.2338036,
      -23.086274
     ],
     [
      -47.233716,
      -23.0862316
     ],
     [
      -47.2335167,
      -23.0862349
     ],
     [
      -47.2334285,
      -23.0862358
     ],
     [
      -47.2320913,
      -23.0862377
     ],
     [
      -47.2319986,
      -23.0862872
     ],
     [
      -47.2307994,
      -23.0862785
     ],
     [
      -47.2306683,
      -23.0862769
     ]
    ]
   }
  },
  {
   "type": "Feature",
   "properties": {
    "nome": "Alameda José Amstalden",
    "tipo": "ciclofaixa",
    "fonte": "OpenStreetMap",
    "osm_id": 387749232
   },
   "geometry": {
    "type": "LineString",
    "coordinates": [
     [
      -47.2257325,
      -23.0791075
     ],
     [
      -47.2258846,
      -23.0801244
     ],
     [
      -47.2260358,
      -23.0810561
     ]
    ]
   }
  },
  {
   "type": "Feature",
   "properties": {
    "nome": "Ciclovia",
    "tipo": "ciclovia",
    "fonte": "OpenStreetMap",
    "osm_id": 1018633863
   },
   "geometry": {
    "type": "LineString",
    "coordinates": [
     [
      -47.2235417,
      -23.0881131
     ],
     [
      -47.223531,
      -23.0881775
     ],
     [
      -47.2235475,
      -23.0882311
     ],
     [
      -47.2235797,
      -23.0882921
     ],
     [
      -47.2236124,
      -23.088343
     ],
     [
      -47.2236842,
      -23.0883652
     ],
     [
      -47.2237572,
      -23.0883836
     ]
    ]
   }
  },
  {
   "type": "Feature",
   "properties": {
    "nome": "Ciclovia",
    "tipo": "ciclovia",
    "fonte": "OpenStreetMap",
    "osm_id": 1413996216
   },
   "geometry": {
    "type": "LineString",
    "coordinates": [
     [
      -47.2250074,
      -23.0878054
     ],
     [
      -47.2250464,
      -23.0877496
     ],
     [
      -47.2250999,
      -23.0877046
     ],
     [
      -47.225081,
      -23.0876223
     ],
     [
      -47.2250597,
      -23.0875336
     ],
     [
      -47.2250431,
      -23.0874525
     ],
     [
      -47.2249829,
      -23.0874353
     ],
     [
      -47.2249257,
      -23.0874194
     ]
    ]
   }
  },
  {
   "type": "Feature",
   "properties": {
    "nome": "Ciclovia do Parque Ecológico",
    "tipo": "ciclovia",
    "fonte": "OpenStreetMap",
    "osm_id": 1413996217
   },
   "geometry": {
    "type": "LineString",
    "coordinates": [
     [
      -47.22416,
      -23.0891469
     ],
     [
      -47.2241092,
      -23.0890354
     ],
     [
      -47.2238132,
      -23.0885193
     ],
     [
      -47.2237802,
      -23.0884675
     ],
     [
      -47.2237602,
      -23.0884238
     ],
     [
      -47.2237541,
      -23.0883914
     ],
     [
      -47.2237572,
      -23.0883836
     ],
     [
      -47.2237694,
      -23.0883527
     ],
     [
      -47.2238001,
      -23.0883146
     ],
     [
      -47.2238476,
      -23.0882836
     ],
     [
      -47.223928,
      -23.0882456
     ],
     [
      -47.2240482,
      -23.088188
     ],
     [
      -47.2243596,
      -23.0880437
     ],
     [
      -47.2244752,
      -23.0879894
     ],
     [
      -47.2248916,
      -23.0878072
     ],
     [
      -47.2249292,
      -23.0877932
     ]
    ]
   }
  },
  {
   "type": "Feature",
   "properties": {
    "nome": "Ciclovia do Parque Ecológico",
    "tipo": "ciclovia",
    "fonte": "OpenStreetMap",
    "osm_id": 1500876740
   },
   "geometry": {
    "type": "LineString",
    "coordinates": [
     [
      -47.2247658,
      -23.0864588
     ],
     [
      -47.2247742,
      -23.0865612
     ],
     [
      -47.2248065,
      -23.0867519
     ],
     [
      -47.2248274,
      -23.0868684
     ],
     [
      -47.2248355,
      -23.0868921
     ],
     [
      -47.2248704,
      -23.0870046
     ],
     [
      -47.2249135,
      -23.0871951
     ],
     [
      -47.2249473,
      -23.0873414
     ],
     [
      -47.2249492,
      -23.0873665
     ],
     [
      -47.2249419,
      -23.0873902
     ],
     [
      -47.2249257,
      -23.0874194
     ],
     [
      -47.2249056,
      -23.0874416
     ],
     [
      -47.2248735,
      -23.0874731
     ],
     [
      -47.2248316,
      -23.0875077
     ],
     [
      -47.2248172,
      -23.0875157
     ],
     [
      -47.2247935,
      -23.0875317
     ]
    ]
   }
  },
  {
   "type": "Feature",
   "properties": {
    "nome": "Ciclovia",
    "tipo": "ciclovia",
    "fonte": "OpenStreetMap",
    "osm_id": 1500876742
   },
   "geometry": {
    "type": "LineString",
    "coordinates": [
     [
      -47.2235713,
      -23.0880366
     ],
     [
      -47.2235552,
      -23.0880789
     ],
     [
      -47.2235417,
      -23.0881131
     ]
    ]
   }
  },
  {
   "type": "Feature",
   "properties": {
    "nome": "Ciclovia do Parque Ecológico",
    "tipo": "ciclovia",
    "fonte": "OpenStreetMap",
    "osm_id": 1500876743
   },
   "geometry": {
    "type": "LineString",
    "coordinates": [
     [
      -47.2247935,
      -23.0875317
     ],
     [
      -47.2246571,
      -23.0875999
     ],
     [
      -47.2242851,
      -23.0877725
     ],
     [
      -47.2237327,
      -23.0880333
     ],
     [
      -47.2236812,
      -23.088051
     ],
     [
      -47.22362,
      -23.0880555
     ],
     [
      -47.2235713,
      -23.0880366
     ]
    ]
   }
  },
  {
   "type": "Feature",
   "properties": {
    "nome": "Ciclovia do Parque Ecológico",
    "tipo": "ciclovia",
    "fonte": "OpenStreetMap",
    "osm_id": 1500876747
   },
   "geometry": {
    "type": "LineString",
    "coordinates": [
     [
      -47.2235713,
      -23.0880366
     ],
     [
      -47.2235414,
      -23.0880167
     ],
     [
      -47.2235241,
      -23.0879916
     ],
     [
      -47.2234904,
      -23.0879322
     ],
     [
      -47.2234738,
      -23.0878962
     ],
     [
      -47.2234643,
      -23.0878657
     ]
    ]
   }
  },
  {
   "type": "Feature",
   "properties": {
    "nome": "Ciclovia do Parque Ecológico",
    "tipo": "ciclovia",
    "fonte": "OpenStreetMap",
    "osm_id": 551974655
   },
   "geometry": {
    "type": "LineString",
    "coordinates": [
     [
      -47.2232273,
      -23.0799868
     ],
     [
      -47.2232108,
      -23.0800271
     ],
     [
      -47.2231714,
      -23.080072
     ],
     [
      -47.2230927,
      -23.0801251
     ],
     [
      -47.2230403,
      -23.08015
     ],
     [
      -47.2229856,
      -23.0801668
     ],
     [
      -47.2229034,
      -23.0801727
     ],
     [
      -47.2228405,
      -23.0801653
     ],
     [
      -47.2226613,
      -23.0800737
     ],
     [
      -47.2224339,
      -23.0799389
     ],
     [
      -47.2222611,
      -23.0798326
     ],
     [
      -47.2220612,
      -23.0797397
     ],
     [
      -47.2218496,
      -23.0796699
     ],
     [
      -47.221638,
      -23.0796263
     ],
     [
      -47.2213797,
      -23.0796071
     ],
     [
      -47.2211301,
      -23.0796021
     ],
     [
      -47.2208756,
      -23.0795948
     ],
     [
      -47.220697,
      -23.07959
     ],
     [
      -47.2204699,
      -23.0795579
     ],
     [
      -47.2202455,
      -23.0795252
     ],
     [
      -47.2200535,
      -23.0794826
     ],
     [
      -47.2199148,
      -23.0794464
     ],
     [
      -47.2197802,
      -23.0793941
     ],
     [
      -47.2196348,
      -23.0793248
     ],
     [
      -47.2194935,
      -23.0792236
     ],
     [
      -47.2192499,
      -23.0790047
     ],
     [
      -47.2189943,
      -23.0788084
     ],
     [
      -47.2185995,
      -23.0785891
     ],
     [
      -47.2180103,
      -23.0782911
     ],
     [
      -47.217681,
      -23.0781504
     ],
     [
      -47.2171792,
      -23.0779773
     ],
     [
      -47.216736,
      -23.0778699
     ],
     [
      -47.2161887,
      -23.0777394
     ],
     [
      -47.2158573,
      -23.0776905
     ],
     [
      -47.2154632,
      -23.0776671
     ],
     [
      -47.2152788,
      -23.0776653
     ],
     [
      -47.2150901,
      -23.0776733
     ],
     [
      -47.2147122,
      -23.0776724
     ],
     [
      -47.2146013,
      -23.0776727
     ],
     [
      -47.2143194,
      -23.0776699
     ],
     [
      -47.2142288,
      -23.0776674
     ],
     [
      -47.2141746,
      -23.0776629
     ],
     [
      -47.2141475,
      -23.0776385
     ],
     [
      -47.2141378,
      -23.0776104
     ],
     [
      -47.2141416,
      -23.0775711
     ],
     [
      -47.2141776,
      -23.0772005
     ],
     [
      -47.2142015,
      -23.0769545
     ],
     [
      -47.2142226,
      -23.0769112
     ],
     [
      -47.2142526,
      -23.0768802
     ],
     [
      -47.2142995,
      -23.0768444
     ],
     [
      -47.2143763,
      -23.0768059
     ],
     [
      -47.2144781,
      -23.0767633
     ],
     [
      -47.2145843,
      -23.0767229
     ],
     [
      -47.2147051,
      -23.0766817
     ],
     [
      -47.2148118,
      -23.0766576
     ],
     [
      -47.2149532,
      -23.0766247
     ],
     [
      -47.2151427,
      -23.0765833
     ],
     [
      -47.2154146,
      -23.0765461
     ],
     [
      -47.2155912,
      -23.0765477
     ],
     [
      -47.2158863,
      -23.0765602
     ],
     [
      -47.2161307,
      -23.0765909
     ],
     [
      -47.2163759,
      -23.0766389
     ],
     [
      -47.2166129,
      -23.0766776
     ],
     [
      -47.2169958,
      -23.0767441
     ],
     [
      -47.2173716,
      -23.0768073
     ],
     [
      -47.2176084,
      -23.0768524
     ],
     [
      -47.2177313,
      -23.0768988
     ],
     [
      -47.2178183,
      -23.0769453
     ],
     [
      -47.2179334,
      -23.0770338
     ],
     [
      -47.2181613,
      -23.0772876
     ],
     [
      -47.2182379,
      -23.0773897
     ],
     [
      -47.2182719,
      -23.0774598
     ],
     [
      -47.2183032,
      -23.0775175
     ],
     [
      -47.2183287,
      -23.0776216
     ],
     [
      -47.2183499,
      -23.0777418
     ],
     [
      -47.2183888,
      -23.0778359
     ],
     [
      -47.218438,
      -23.0779084
     ],
     [
      -47.2184843,
      -23.0779751
     ],
     [
      -47.2185727,
      -23.0780526
     ],
     [
      -47.2186622,
      -23.078121
     ],
     [
      -47.2188384,
      -23.0782119
     ],
     [
      -47.2193012,
      -23.0784543
     ],
     [
      -47.2201134,
      -23.0788962
     ],
     [
      -47.2203101,
      -23.0789911
     ],
     [
      -47.220447,
      -23.0790426
     ],
     [
      -47.2206002,
      -23.0790938
     ],
     [
      -47.2208215,
      -23.0791329
     ],
     [
      -47.2209653,
      -23.0791376
     ],
     [
      -47.221138,
      -23.079143
     ],
     [
      -47.2213146,
      -23.0791481
     ],
     [
      -47.2216998,
      -23.0791488
     ],
     [
      -47.2220043,
      -23.0791866
     ],
     [
      -47.2223745,
      -23.0793037
     ],
     [
      -47.2226772,
      -23.0794447
     ],
     [
      -47.2229764,
      -23.0796308
     ],
     [
      -47.223015,
      -23.0796548
     ],
     [
      -47.2230689,
      -23.0797041
     ],
     [
      -47.2231203,
      -23.079753
     ],
     [
      -47.2231677,
      -23.0798127
     ],
     [
      -47.2232124,
      -23.0798918
     ],
     [
      -47.2232231,
      -23.0799449
     ],
     [
      -47.2232273,
      -23.0799868
     ]
    ]
   }
  },
  {
   "type": "Feature",
   "properties": {
    "nome": "Ciclovia do Parque Ecológico",
    "tipo": "ciclovia",
    "fonte": "OpenStreetMap",
    "osm_id": 1500785040
   },
   "geometry": {
    "type": "LineString",
    "coordinates": [
     [
      -47.2234643,
      -23.0878657
     ],
     [
      -47.223451,
      -23.0878276
     ],
     [
      -47.2234377,
      -23.0877896
     ],
     [
      -47.2233932,
      -23.0876435
     ],
     [
      -47.2233713,
      -23.0875357
     ],
     [
      -47.2233587,
      -23.0874345
     ],
     [
      -47.223344,
      -23.0873604
     ],
     [
      -47.2233242,
      -23.087295
     ],
     [
      -47.2233121,
      -23.0872548
     ],
     [
      -47.2233045,
      -23.0871921
     ],
     [
      -47.2233038,
      -23.087083
     ],
     [
      -47.2233102,
      -23.0869659
     ],
     [
      -47.2233255,
      -23.0866874
     ],
     [
      -47.2233618,
      -23.0861164
     ],
     [
      -47.2233675,
      -23.0859573
     ],
     [
      -47.2233688,
      -23.0858188
     ],
     [
      -47.2233617,
      -23.0855152
     ],
     [
      -47.2233445,
      -23.0853872
     ],
     [
      -47.2233201,
      -23.0850773
     ],
     [
      -47.2232773,
      -23.0846746
     ],
     [
      -47.2232396,
      -23.0842089
     ],
     [
      -47.2232639,
      -23.0838736
     ],
     [
      -47.2233804,
      -23.0833007
     ]
    ]
   }
  },
  {
   "type": "Feature",
   "properties": {
    "nome": "Ciclovia",
    "tipo": "ciclovia",
    "fonte": "OpenStreetMap",
    "osm_id": 1018633860
   },
   "geometry": {
    "type": "LineString",
    "coordinates": [
     [
      -47.2232933,
      -23.0809646
     ],
     [
      -47.2232697,
      -23.0808726
     ],
     [
      -47.223209,
      -23.0807533
     ],
     [
      -47.2231268,
      -23.0806477
     ],
     [
      -47.2230154,
      -23.080506
     ],
     [
      -47.222828,
      -23.0802657
     ],
     [
      -47.2228143,
      -23.0802481
     ]
    ]
   }
  },
  {
   "type": "Feature",
   "properties": {
    "nome": "Ciclovia",
    "tipo": "ciclovia",
    "fonte": "OpenStreetMap",
    "osm_id": 1436963672
   },
   "geometry": {
    "type": "LineString",
    "coordinates": [
     [
      -47.2235723,
      -23.0801518
     ],
     [
      -47.223613,
      -23.0801994
     ],
     [
      -47.2239148,
      -23.0803951
     ],
     [
      -47.2239763,
      -23.0804347
     ]
    ]
   }
  },
  {
   "type": "Feature",
   "properties": {
    "nome": "Ciclovia",
    "tipo": "ciclovia",
    "fonte": "OpenStreetMap",
    "osm_id": 1500785025
   },
   "geometry": {
    "type": "LineString",
    "coordinates": [
     [
      -47.2235584,
      -23.0813258
     ],
     [
      -47.2235016,
      -23.0813147
     ]
    ]
   }
  },
  {
   "type": "Feature",
   "properties": {
    "nome": "Ciclovia do Parque Ecológico",
    "tipo": "ciclovia",
    "fonte": "OpenStreetMap",
    "osm_id": 1500785039
   },
   "geometry": {
    "type": "LineString",
    "coordinates": [
     [
      -47.2233804,
      -23.0833007
     ],
     [
      -47.2234213,
      -23.0831243
     ],
     [
      -47.2234645,
      -23.0829096
     ],
     [
      -47.2235077,
      -23.0826802
     ],
     [
      -47.2235417,
      -23.082457
     ],
     [
      -47.2235757,
      -23.0822383
     ],
     [
      -47.2235988,
      -23.0820278
     ],
     [
      -47.2236059,
      -23.0819019
     ],
     [
      -47.2236033,
      -23.0818047
     ],
     [
      -47.2235792,
      -23.0815806
     ],
     [
      -47.2235567,
      -23.0813819
     ],
     [
      -47.223557,
      -23.0813341
     ],
     [
      -47.2235584,
      -23.0813258
     ],
     [
      -47.2235602,
      -23.0813146
     ],
     [
      -47.2235673,
      -23.081294
     ],
     [
      -47.223579,
      -23.0812737
     ],
     [
      -47.2235933,
      -23.0812534
     ],
     [
      -47.2236082,
      -23.0812349
     ],
     [
      -47.223637,
      -23.0812175
     ],
     [
      -47.223692,
      -23.0811931
     ],
     [
      -47.2237662,
      -23.0811681
     ],
     [
      -47.2238385,
      -23.0811532
     ],
     [
      -47.22392,
      -23.081134
     ],
     [
      -47.2240569,
      -23.0810875
     ],
     [
      -47.2242071,
      -23.0810289
     ],
     [
      -47.2242748,
      -23.0809984
     ],
     [
      -47.2243417,
      -23.0809546
     ],
     [
      -47.2243603,
      -23.0809289
     ],
     [
      -47.2243738,
      -23.0809033
     ],
     [
      -47.2243857,
      -23.0808925
     ],
     [
      -47.2244011,
      -23.0808861
     ],
     [
      -47.2244203,
      -23.0808873
     ]
    ]
   }
  },
  {
   "type": "Feature",
   "properties": {
    "nome": "Ciclovia",
    "tipo": "ciclovia",
    "fonte": "OpenStreetMap",
    "osm_id": 1500876748
   },
   "geometry": {
    "type": "LineString",
    "coordinates": [
     [
      -47.2235016,
      -23.0813147
     ],
     [
      -47.2234559,
      -23.0813042
     ]
    ]
   }
  },
  {
   "type": "Feature",
   "properties": {
    "nome": "Ciclovia",
    "tipo": "ciclovia",
    "fonte": "OpenStreetMap",
    "osm_id": 1500876749
   },
   "geometry": {
    "type": "LineString",
    "coordinates": [
     [
      -47.2234559,
      -23.0813042
     ],
     [
      -47.2234211,
      -23.0812595
     ],
     [
      -47.2233274,
      -23.0811196
     ]
    ]
   }
  },
  {
   "type": "Feature",
   "properties": {
    "nome": "Ciclovia",
    "tipo": "ciclovia",
    "fonte": "OpenStreetMap",
    "osm_id": 1500876750
   },
   "geometry": {
    "type": "LineString",
    "coordinates": [
     [
      -47.2233274,
      -23.0811196
     ],
     [
      -47.2233138,
      -23.0810558
     ],
     [
      -47.2232933,
      -23.0809646
     ]
    ]
   }
  },
  {
   "type": "Feature",
   "properties": {
    "nome": "Ciclovia",
    "tipo": "ciclovia",
    "fonte": "OpenStreetMap",
    "osm_id": 1500876752
   },
   "geometry": {
    "type": "LineString",
    "coordinates": [
     [
      -47.2243895,
      -23.0808033
     ],
     [
      -47.2243951,
      -23.0808353
     ],
     [
      -47.2243857,
      -23.0808925
     ]
    ]
   }
  },
  {
   "type": "Feature",
   "properties": {
    "nome": "Ciclovia do Parque Ecológico",
    "tipo": "ciclovia",
    "fonte": "OpenStreetMap",
    "osm_id": 1500876753
   },
   "geometry": {
    "type": "LineString",
    "coordinates": [
     [
      -47.2245941,
      -23.0809496
     ],
     [
      -47.2246487,
      -23.0809904
     ],
     [
      -47.224765,
      -23.0810817
     ],
     [
      -47.2248869,
      -23.081176
     ]
    ]
   }
  },
  {
   "type": "Feature",
   "properties": {
    "nome": "Ciclovia",
    "tipo": "ciclovia",
    "fonte": "OpenStreetMap",
    "osm_id": 1500876754
   },
   "geometry": {
    "type": "LineString",
    "coordinates": [
     [
      -47.2244203,
      -23.0808873
     ],
     [
      -47.224455,
      -23.0808977
     ],
     [
      -47.2245411,
      -23.080929
     ],
     [
      -47.2245941,
      -23.0809496
     ]
    ]
   }
  },
  {
   "type": "Feature",
   "properties": {
    "nome": "Ciclovia",
    "tipo": "ciclovia",
    "fonte": "OpenStreetMap",
    "osm_id": 1500876755
   },
   "geometry": {
    "type": "LineString",
    "coordinates": [
     [
      -47.2240761,
      -23.0805069
     ],
     [
      -47.2243401,
      -23.0807202
     ],
     [
      -47.2243799,
      -23.0807734
     ],
     [
      -47.2243895,
      -23.0808033
     ]
    ]
   }
  },
  {
   "type": "Feature",
   "properties": {
    "nome": "Ciclovia",
    "tipo": "ciclovia",
    "fonte": "OpenStreetMap",
    "osm_id": 1500876757
   },
   "geometry": {
    "type": "LineString",
    "coordinates": [
     [
      -47.2239763,
      -23.0804347
     ],
     [
      -47.2240349,
      -23.0804756
     ],
     [
      -47.2240761,
      -23.0805069
     ]
    ]
   }
  },
  {
   "type": "Feature",
   "properties": {
    "nome": "Ciclovia",
    "tipo": "ciclovia",
    "fonte": "OpenStreetMap",
    "osm_id": 1500876758
   },
   "geometry": {
    "type": "LineString",
    "coordinates": [
     [
      -47.2232273,
      -23.0799868
     ],
     [
      -47.2232827,
      -23.0799968
     ],
     [
      -47.2233295,
      -23.080004
     ]
    ]
   }
  },
  {
   "type": "Feature",
   "properties": {
    "nome": "Ciclovia",
    "tipo": "ciclovia",
    "fonte": "OpenStreetMap",
    "osm_id": 1500876759
   },
   "geometry": {
    "type": "LineString",
    "coordinates": [
     [
      -47.2233295,
      -23.080004
     ],
     [
      -47.2235417,
      -23.0800407
     ]
    ]
   }
  },
  {
   "type": "Feature",
   "properties": {
    "nome": "Ciclovia",
    "tipo": "ciclovia",
    "fonte": "OpenStreetMap",
    "osm_id": 1500876760
   },
   "geometry": {
    "type": "LineString",
    "coordinates": [
     [
      -47.2235417,
      -23.0800407
     ],
     [
      -47.2235582,
      -23.0800562
     ],
     [
      -47.223564,
      -23.0800963
     ],
     [
      -47.2235723,
      -23.0801518
     ]
    ]
   }
  },
  {
   "type": "Feature",
   "properties": {
    "nome": "Ciclovia",
    "tipo": "ciclovia",
    "fonte": "OpenStreetMap",
    "osm_id": 1500876762
   },
   "geometry": {
    "type": "LineString",
    "coordinates": [
     [
      -47.2228143,
      -23.0802481
     ],
     [
      -47.222819,
      -23.0802055
     ],
     [
      -47.2228405,
      -23.0801653
     ]
    ]
   }
  },
  {
   "type": "Feature",
   "properties": {
    "nome": "Ciclovia",
    "tipo": "ciclovia",
    "fonte": "OpenStreetMap",
    "osm_id": 1191333759
   },
   "geometry": {
    "type": "LineString",
    "coordinates": [
     [
      -47.1929006,
      -23.0847695
     ],
     [
      -47.1928034,
      -23.0846613
     ],
     [
      -47.1927901,
      -23.0845966
     ],
     [
      -47.1927895,
      -23.0845662
     ],
     [
      -47.1928085,
      -23.0844819
     ],
     [
      -47.1928597,
      -23.0844052
     ],
     [
      -47.1929495,
      -23.0843121
     ],
     [
      -47.1931222,
      -23.0841081
     ],
     [
      -47.193187,
      -23.0840202
     ],
     [
      -47.1933627,
      -23.0836194
     ],
     [
      -47.1934207,
      -23.0834299
     ],
     [
      -47.1934297,
      -23.0831799
     ],
     [
      -47.1934167,
      -23.0830697
     ],
     [
      -47.1933887,
      -23.0829676
     ],
     [
      -47.1932329,
      -23.0827162
     ],
     [
      -47.1931447,
      -23.0826144
     ],
     [
      -47.193031,
      -23.0824734
     ],
     [
      -47.192735,
      -23.0821388
     ],
     [
      -47.1921728,
      -23.0815465
     ],
     [
      -47.1921719,
      -23.0815452
     ],
     [
      -47.1917877,
      -23.0812307
     ],
     [
      -47.1916621,
      -23.0811278
     ],
     [
      -47.1913524,
      -23.0809365
     ],
     [
      -47.1911265,
      -23.0808225
     ],
     [
      -47.1908494,
      -23.080723
     ],
     [
      -47.1908065,
      -23.0807076
     ],
     [
      -47.1906126,
      -23.0806379
     ],
     [
      -47.1898323,
      -23.080413
     ]
    ]
   }
  },
  {
   "type": "Feature",
   "properties": {
    "nome": "Ciclovia",
    "tipo": "ciclovia",
    "fonte": "OpenStreetMap",
    "osm_id": 1534279270
   },
   "geometry": {
    "type": "LineString",
    "coordinates": [
     [
      -47.1870957,
      -23.0797541
     ],
     [
      -47.1871107,
      -23.0797875
     ],
     [
      -47.1871395,
      -23.0797863
     ],
     [
      -47.1871769,
      -23.0797674
     ],
     [
      -47.1873322,
      -23.0797052
     ],
     [
      -47.1874178,
      -23.0796834
     ],
     [
      -47.1874978,
      -23.0796781
     ],
     [
      -47.187595,
      -23.0796821
     ],
     [
      -47.1877279,
      -23.079712
     ],
     [
      -47.1881299,
      -23.0798782
     ],
     [
      -47.1890676,
      -23.0802808
     ],
     [
      -47.1892078,
      -23.0803248
     ],
     [
      -47.1892637,
      -23.0803424
     ],
     [
      -47.1896872,
      -23.080477
     ],
     [
      -47.1897303,
      -23.0804907
     ],
     [
      -47.1907365,
      -23.0808467
     ],
     [
      -47.1914195,
      -23.0811853
     ],
     [
      -47.1915664,
      -23.0812676
     ],
     [
      -47.1916803,
      -23.0813512
     ],
     [
      -47.1916957,
      -23.0813623
     ],
     [
      -47.1917339,
      -23.0813973
     ],
     [
      -47.1919909,
      -23.0816248
     ],
     [
      -47.192035,
      -23.0816675
     ],
     [
      -47.1921516,
      -23.0817798
     ],
     [
      -47.1924329,
      -23.0820832
     ],
     [
      -47.1926697,
      -23.0824002
     ],
     [
      -47.1927957,
      -23.0826117
     ],
     [
      -47.1929211,
      -23.0828435
     ],
     [
      -47.1930373,
      -23.0831084
     ],
     [
      -47.1930754,
      -23.0832098
     ],
     [
      -47.1931321,
      -23.0836182
     ],
     [
      -47.1931199,
      -23.0837786
     ],
     [
      -47.1930644,
      -23.0839478
     ],
     [
      -47.1930194,
      -23.08405
     ],
     [
      -47.1927038,
      -23.0844162
     ],
     [
      -47.1926609,
      -23.0845412
     ],
     [
      -47.1926662,
      -23.0846067
     ],
     [
      -47.1926884,
      -23.0846719
     ],
     [
      -47.1927077,
      -23.0847383
     ]
    ]
   }
  },
  {
   "type": "Feature",
   "properties": {
    "nome": "Ciclovia",
    "tipo": "ciclovia",
    "fonte": "OpenStreetMap",
    "osm_id": 1534279271
   },
   "geometry": {
    "type": "LineString",
    "coordinates": [
     [
      -47.1870957,
      -23.0797541
     ],
     [
      -47.1869538,
      -23.0797914
     ]
    ]
   }
  },
  {
   "type": "Feature",
   "properties": {
    "nome": "Ciclovia",
    "tipo": "ciclovia",
    "fonte": "OpenStreetMap",
    "osm_id": 1534279274
   },
   "geometry": {
    "type": "LineString",
    "coordinates": [
     [
      -47.1891348,
      -23.0802537
     ],
     [
      -47.1890817,
      -23.0802316
     ],
     [
      -47.1881502,
      -23.0798359
     ],
     [
      -47.1879554,
      -23.0797535
     ],
     [
      -47.187694,
      -23.0796547
     ],
     [
      -47.18761,
      -23.0796425
     ],
     [
      -47.1875328,
      -23.0796334
     ],
     [
      -47.1874471,
      -23.079637
     ],
     [
      -47.1873232,
      -23.0796598
     ],
     [
      -47.1872503,
      -23.0796892
     ],
     [
      -47.1870957,
      -23.0797541
     ]
    ]
   }
  },
  {
   "type": "Feature",
   "properties": {
    "nome": "Ciclovia",
    "tipo": "ciclovia",
    "fonte": "OpenStreetMap",
    "osm_id": 1534279275
   },
   "geometry": {
    "type": "LineString",
    "coordinates": [
     [
      -47.1892835,
      -23.0802935
     ],
     [
      -47.1892212,
      -23.0802819
     ],
     [
      -47.1891879,
      -23.0802757
     ],
     [
      -47.1891348,
      -23.0802537
     ]
    ]
   }
  },
  {
   "type": "Feature",
   "properties": {
    "nome": "Ciclovia",
    "tipo": "ciclovia",
    "fonte": "OpenStreetMap",
    "osm_id": 1534279276
   },
   "geometry": {
    "type": "LineString",
    "coordinates": [
     [
      -47.1896608,
      -23.0803699
     ],
     [
      -47.1892835,
      -23.0802935
     ]
    ]
   }
  },
  {
   "type": "Feature",
   "properties": {
    "nome": "Ciclovia",
    "tipo": "ciclovia",
    "fonte": "OpenStreetMap",
    "osm_id": 1534279277
   },
   "geometry": {
    "type": "LineString",
    "coordinates": [
     [
      -47.1898323,
      -23.080413
     ],
     [
      -47.1897645,
      -23.0803935
     ],
     [
      -47.1897205,
      -23.0803835
     ],
     [
      -47.1896608,
      -23.0803699
     ]
    ]
   }
  },
  {
   "type": "Feature",
   "properties": {
    "nome": "Rodovia João Ceccon",
    "tipo": "ciclofaixa",
    "fonte": "OpenStreetMap",
    "osm_id": 269260048
   },
   "geometry": {
    "type": "LineString",
    "coordinates": [
     [
      -47.232538,
      -23.0747312
     ],
     [
      -47.231645,
      -23.0750764
     ],
     [
      -47.2315343,
      -23.0751177
     ],
     [
      -47.2298574,
      -23.0757536
     ],
     [
      -47.2294387,
      -23.0758996
     ],
     [
      -47.2291444,
      -23.0760182
     ],
     [
      -47.2291142,
      -23.0760304
     ],
     [
      -47.2289523,
      -23.0761211
     ],
     [
      -47.2289258,
      -23.0761359
     ],
     [
      -47.2287514,
      -23.0762846
     ],
     [
      -47.2285197,
      -23.0766042
     ],
     [
      -47.2283846,
      -23.0767658
     ],
     [
      -47.228159,
      -23.0769509
     ],
     [
      -47.2260844,
      -23.0784075
     ]
    ]
   }
  },
  {
   "type": "Feature",
   "properties": {
    "nome": "Avenida João Ambiel",
    "tipo": "ciclofaixa",
    "fonte": "OpenStreetMap",
    "osm_id": 169240052
   },
   "geometry": {
    "type": "LineString",
    "coordinates": [
     [
      -47.2184164,
      -23.0688796
     ],
     [
      -47.2182846,
      -23.0690498
     ],
     [
      -47.2172822,
      -23.0703244
     ],
     [
      -47.216978,
      -23.0707556
     ],
     [
      -47.2168504,
      -23.0709312
     ],
     [
      -47.2166011,
      -23.0713145
     ],
     [
      -47.2164468,
      -23.0715465
     ],
     [
      -47.2163295,
      -23.071739
     ],
     [
      -47.21625,
      -23.0719121
     ],
     [
      -47.2161163,
      -23.0722575
     ],
     [
      -47.2158856,
      -23.0729682
     ],
     [
      -47.2157428,
      -23.0733339
     ],
     [
      -47.215619,
      -23.0735788
     ],
     [
      -47.215328,
      -23.0740243
     ],
     [
      -47.2149227,
      -23.0746289
     ],
     [
      -47.2147906,
      -23.0748035
     ],
     [
      -47.2145631,
      -23.0750597
     ],
     [
      -47.2144406,
      -23.0751968
     ],
     [
      -47.214091,
      -23.0755744
     ],
     [
      -47.2140506,
      -23.0756222
     ]
    ]
   }
  },
  {
   "type": "Feature",
   "properties": {
    "nome": "Avenida João Ambiel",
    "tipo": "ciclofaixa",
    "fonte": "OpenStreetMap",
    "osm_id": 169240061
   },
   "geometry": {
    "type": "LineString",
    "coordinates": [
     [
      -47.2146315,
      -23.0747864
     ],
     [
      -47.2146687,
      -23.07474
     ],
     [
      -47.2148181,
      -23.0745623
     ],
     [
      -47.2152195,
      -23.0739633
     ],
     [
      -47.2155387,
      -23.073478
     ],
     [
      -47.2157141,
      -23.0731729
     ],
     [
      -47.2158106,
      -23.0729164
     ],
     [
      -47.2160146,
      -23.0722584
     ],
     [
      -47.2161404,
      -23.07188
     ],
     [
      -47.2162266,
      -23.0716747
     ],
     [
      -47.216331,
      -23.071476
     ],
     [
      -47.2165435,
      -23.0711816
     ],
     [
      -47.2168023,
      -23.0707945
     ],
     [
      -47.2172047,
      -23.0702508
     ],
     [
      -47.2178891,
      -23.0693652
     ],
     [
      -47.2180404,
      -23.0691268
     ],
     [
      -47.2181269,
      -23.0689751
     ],
     [
      -47.2182004,
      -23.0688044
     ]
    ]
   }
  },
  {
   "type": "Feature",
   "properties": {
    "nome": "Avenida Conceição",
    "tipo": "ciclofaixa",
    "fonte": "OpenStreetMap",
    "osm_id": 308994895
   },
   "geometry": {
    "type": "LineString",
    "coordinates": [
     [
      -47.2119452,
      -23.0776064
     ],
     [
      -47.2120861,
      -23.0776241
     ],
     [
      -47.2123461,
      -23.0776567
     ]
    ]
   }
  },
  {
   "type": "Feature",
   "properties": {
    "nome": "Rua Christiano Seleguin",
    "tipo": "ciclofaixa",
    "fonte": "OpenStreetMap",
    "osm_id": 169240056
   },
   "geometry": {
    "type": "LineString",
    "coordinates": [
     [
      -47.2182074,
      -23.0687211
     ],
     [
      -47.2181816,
      -23.0685297
     ],
     [
      -47.2181429,
      -23.0683286
     ],
     [
      -47.2180965,
      -23.068129
     ],
     [
      -47.2180483,
      -23.0679844
     ],
     [
      -47.2179809,
      -23.067825
     ],
     [
      -47.2178787,
      -23.0676571
     ],
     [
      -47.2177101,
      -23.0673634
     ],
     [
      -47.2175982,
      -23.0671346
     ],
     [
      -47.2175171,
      -23.0669095
     ],
     [
      -47.2172915,
      -23.0663192
     ]
    ]
   }
  },
  {
   "type": "Feature",
   "properties": {
    "nome": "Rua Adhemar de Barros",
    "tipo": "ciclofaixa",
    "fonte": "OpenStreetMap",
    "osm_id": 847974660
   },
   "geometry": {
    "type": "LineString",
    "coordinates": [
     [
      -47.203491,
      -23.0734468
     ],
     [
      -47.2037834,
      -23.0739632
     ],
     [
      -47.2038893,
      -23.074155
     ]
    ]
   }
  },
  {
   "type": "Feature",
   "properties": {
    "nome": "Avenida Conceição",
    "tipo": "ciclofaixa",
    "fonte": "OpenStreetMap",
    "osm_id": 1497484484
   },
   "geometry": {
    "type": "LineString",
    "coordinates": [
     [
      -47.2038893,
      -23.074155
     ],
     [
      -47.2040449,
      -23.074193
     ],
     [
      -47.2042045,
      -23.0742371
     ],
     [
      -47.2044238,
      -23.0743117
     ]
    ]
   }
  },
  {
   "type": "Feature",
   "properties": {
    "nome": "Rua Canário",
    "tipo": "ciclofaixa",
    "fonte": "OpenStreetMap",
    "osm_id": 1525871768
   },
   "geometry": {
    "type": "LineString",
    "coordinates": [
     [
      -47.203491,
      -23.0734468
     ],
     [
      -47.20302,
      -23.073684
     ],
     [
      -47.202963,
      -23.0737143
     ]
    ]
   }
  },
  {
   "type": "Feature",
   "properties": {
    "nome": "Ciclovia",
    "tipo": "ciclovia",
    "fonte": "OpenStreetMap",
    "osm_id": 827722701
   },
   "geometry": {
    "type": "LineString",
    "coordinates": [
     [
      -47.1912243,
      -23.06599
     ],
     [
      -47.1914092,
      -23.0660939
     ],
     [
      -47.1944167,
      -23.0671294
     ],
     [
      -47.196232,
      -23.0677205
     ],
     [
      -47.1963454,
      -23.0677524
     ],
     [
      -47.1982227,
      -23.0683239
     ],
     [
      -47.1990789,
      -23.068602
     ],
     [
      -47.1995023,
      -23.0687063
     ],
     [
      -47.2000674,
      -23.0688738
     ],
     [
      -47.2005297,
      -23.0690461
     ],
     [
      -47.2007264,
      -23.0691389
     ],
     [
      -47.2007766,
      -23.0691668
     ],
     [
      -47.2008104,
      -23.0691922
     ],
     [
      -47.2008933,
      -23.0692764
     ],
     [
      -47.2009951,
      -23.0694297
     ],
     [
      -47.2010753,
      -23.0695516
     ],
     [
      -47.2011924,
      -23.0698878
     ],
     [
      -47.2012572,
      -23.0701011
     ],
     [
      -47.2013446,
      -23.0706018
     ],
     [
      -47.2013836,
      -23.0708742
     ],
     [
      -47.201473,
      -23.0715506
     ],
     [
      -47.201522,
      -23.0716604
     ],
     [
      -47.20156,
      -23.0718334
     ],
     [
      -47.201571,
      -23.0718791
     ],
     [
      -47.2016505,
      -23.0720533
     ],
     [
      -47.2016854,
      -23.0721265
     ],
     [
      -47.2017372,
      -23.0722122
     ],
     [
      -47.2018528,
      -23.0723303
     ],
     [
      -47.2019154,
      -23.0724458
     ],
     [
      -47.2020516,
      -23.0725677
     ],
     [
      -47.2022175,
      -23.0727895
     ],
     [
      -47.2023145,
      -23.072956
     ],
     [
      -47.2025414,
      -23.0732112
     ],
     [
      -47.2027806,
      -23.0735226
     ],
     [
      -47.202963,
      -23.0737143
     ]
    ]
   }
  },
  {
   "type": "Feature",
   "properties": {
    "nome": "Ciclovia Conceição / Bernardino Bonavita",
    "tipo": "ciclovia",
    "fonte": "OpenStreetMap",
    "osm_id": 1314922929
   },
   "geometry": {
    "type": "LineString",
    "coordinates": [
     [
      -47.2044238,
      -23.0743117
     ],
     [
      -47.2044786,
      -23.0743859
     ],
     [
      -47.2050313,
      -23.0746412
     ],
     [
      -47.2055833,
      -23.0748884
     ],
     [
      -47.2057256,
      -23.0749547
     ],
     [
      -47.2059726,
      -23.0750343
     ],
     [
      -47.2060867,
      -23.075091
     ],
     [
      -47.2061825,
      -23.0751506
     ],
     [
      -47.2063556,
      -23.0752839
     ],
     [
      -47.2067573,
      -23.0756134
     ],
     [
      -47.2068948,
      -23.0757277
     ],
     [
      -47.2069304,
      -23.0757536
     ],
     [
      -47.2070968,
      -23.0758785
     ],
     [
      -47.2076643,
      -23.0762877
     ],
     [
      -47.2078565,
      -23.0763935
     ],
     [
      -47.2080418,
      -23.0764954
     ],
     [
      -47.2087009,
      -23.0766929
     ],
     [
      -47.209354,
      -23.076822
     ],
     [
      -47.2095125,
      -23.0768685
     ],
     [
      -47.2096522,
      -23.0769398
     ],
     [
      -47.2097898,
      -23.0770031
     ],
     [
      -47.2099768,
      -23.0770951
     ],
     [
      -47.2100856,
      -23.0771214
     ],
     [
      -47.2101743,
      -23.0771412
     ],
     [
      -47.2102697,
      -23.077182
     ],
     [
      -47.2103569,
      -23.0772536
     ],
     [
      -47.2104223,
      -23.077266
     ],
     [
      -47.2105066,
      -23.0772722
     ],
     [
      -47.211065,
      -23.0774488
     ],
     [
      -47.2112244,
      -23.0775131
     ],
     [
      -47.2113232,
      -23.0775466
     ],
     [
      -47.2115288,
      -23.07759
     ],
     [
      -47.2116346,
      -23.077611
     ],
     [
      -47.2118457,
      -23.0776483
     ],
     [
      -47.2119287,
      -23.077658
     ],
     [
      -47.2119452,
      -23.0776064
     ]
    ]
   }
  },
  {
   "type": "Feature",
   "properties": {
    "nome": "Alameda José Boldrini",
    "tipo": "ciclofaixa",
    "fonte": "OpenStreetMap",
    "osm_id": 1531731589
   },
   "geometry": {
    "type": "LineString",
    "coordinates": [
     [
      -47.1806004,
      -23.1266584
     ],
     [
      -47.1805928,
      -23.1266728
     ],
     [
      -47.1805572,
      -23.1267211
     ],
     [
      -47.1804898,
      -23.1268125
     ]
    ]
   }
  },
  {
   "type": "Feature",
   "properties": {
    "nome": "Alameda José Boldrini",
    "tipo": "ciclofaixa",
    "fonte": "OpenStreetMap",
    "osm_id": 344142824
   },
   "geometry": {
    "type": "LineString",
    "coordinates": [
     [
      -47.1788206,
      -23.1115298
     ],
     [
      -47.1788563,
      -23.1118119
     ],
     [
      -47.1789944,
      -23.1127642
     ],
     [
      -47.1793015,
      -23.114898
     ],
     [
      -47.1795134,
      -23.1164435
     ],
     [
      -47.179665,
      -23.1174882
     ],
     [
      -47.1798112,
      -23.1184947
     ],
     [
      -47.1799332,
      -23.1194851
     ],
     [
      -47.1799614,
      -23.1196763
     ],
     [
      -47.1800137,
      -23.120029
     ],
     [
      -47.1800338,
      -23.1201499
     ],
     [
      -47.1800613,
      -23.1203016
     ],
     [
      -47.1800821,
      -23.1204324
     ],
     [
      -47.1801015,
      -23.1205372
     ],
     [
      -47.1801151,
      -23.1206269
     ],
     [
      -47.1801822,
      -23.1210078
     ],
     [
      -47.1803378,
      -23.1221795
     ],
     [
      -47.1804871,
      -23.1233678
     ],
     [
      -47.180632,
      -23.1242805
     ],
     [
      -47.1807754,
      -23.1252783
     ],
     [
      -47.1808223,
      -23.1256618
     ],
     [
      -47.1808224,
      -23.1258073
     ],
     [
      -47.1808147,
      -23.1259412
     ],
     [
      -47.1807379,
      -23.1262921
     ],
     [
      -47.1806742,
      -23.1265104
     ],
     [
      -47.1806004,
      -23.1266584
     ]
    ]
   }
  },
  {
   "type": "Feature",
   "properties": {
    "nome": "Alameda José Boldrini",
    "tipo": "ciclofaixa",
    "fonte": "OpenStreetMap",
    "osm_id": 344142825
   },
   "geometry": {
    "type": "LineString",
    "coordinates": [
     [
      -47.1780677,
      -23.1279904
     ],
     [
      -47.1784001,
      -23.1278115
     ],
     [
      -47.1785684,
      -23.1277249
     ],
     [
      -47.1786653,
      -23.1276446
     ],
     [
      -47.178804,
      -23.1275978
     ],
     [
      -47.1790531,
      -23.1275129
     ],
     [
      -47.1793572,
      -23.1274041
     ],
     [
      -47.1796864,
      -23.1272774
     ],
     [
      -47.1799798,
      -23.1270849
     ],
     [
      -47.1801943,
      -23.1269195
     ],
     [
      -47.1803771,
      -23.126741
     ],
     [
      -47.1804532,
      -23.1266533
     ],
     [
      -47.1804906,
      -23.1266102
     ],
     [
      -47.1805152,
      -23.1265844
     ],
     [
      -47.1806514,
      -23.1263396
     ],
     [
      -47.180685,
      -23.1261893
     ],
     [
      -47.1806983,
      -23.1261299
     ],
     [
      -47.1807338,
      -23.125832
     ],
     [
      -47.1807406,
      -23.125631
     ],
     [
      -47.1807177,
      -23.1254256
     ],
     [
      -47.1807043,
      -23.1252974
     ],
     [
      -47.1805863,
      -23.1244809
     ],
     [
      -47.1805159,
      -23.1240535
     ],
     [
      -47.180365,
      -23.1230077
     ],
     [
      -47.1802685,
      -23.12237
     ],
     [
      -47.1800864,
      -23.1209509
     ],
     [
      -47.1799818,
      -23.1206375
     ],
     [
      -47.1799614,
      -23.1205668
     ],
     [
      -47.1799088,
      -23.1204699
     ],
     [
      -47.1798967,
      -23.1203501
     ],
     [
      -47.1799332,
      -23.1202227
     ],
     [
      -47.1799386,
      -23.1200525
     ],
     [
      -47.1799238,
      -23.1198324
     ],
     [
      -47.1798822,
      -23.1195419
     ],
     [
      -47.1797146,
      -23.1183541
     ],
     [
      -47.1794611,
      -23.1164694
     ],
     [
      -47.1791963,
      -23.1146427
     ],
     [
      -47.1791346,
      -23.1142092
     ],
     [
      -47.1789374,
      -23.1128135
     ],
     [
      -47.1788482,
      -23.1122449
     ],
     [
      -47.1787581,
      -23.1116581
     ],
     [
      -47.178736,
      -23.1114621
     ],
     [
      -47.1787274,
      -23.1112723
     ],
     [
      -47.1787289,
      -23.1110329
     ],
     [
      -47.178743,
      -23.1109269
     ]
    ]
   }
  },
  {
   "type": "Feature",
   "properties": {
    "nome": "Alameda José Boldrini",
    "tipo": "ciclofaixa",
    "fonte": "OpenStreetMap",
    "osm_id": 1531731587
   },
   "geometry": {
    "type": "LineString",
    "coordinates": [
     [
      -47.1804898,
      -23.1268125
     ],
     [
      -47.1804448,
      -23.1268717
     ],
     [
      -47.1803746,
      -23.1269336
     ],
     [
      -47.1802652,
      -23.1270277
     ],
     [
      -47.1800333,
      -23.1272246
     ],
     [
      -47.1797402,
      -23.1274135
     ],
     [
      -47.1791498,
      -23.1276443
     ],
     [
      -47.1787994,
      -23.1277311
     ],
     [
      -47.1783809,
      -23.1278985
     ],
     [
      -47.1780677,
      -23.1279904
     ]
    ]
   }
  },
  {
   "type": "Feature",
   "properties": {
    "nome": "Ciclovia",
    "tipo": "ciclovia",
    "fonte": "OpenStreetMap",
    "osm_id": 1532767594
   },
   "geometry": {
    "type": "LineString",
    "coordinates": [
     [
      -47.1819852,
      -23.060157
     ],
     [
      -47.1817853,
      -23.0599361
     ],
     [
      -47.1817007,
      -23.0598801
     ],
     [
      -47.1814943,
      -23.0597244
     ],
     [
      -47.1811214,
      -23.0594761
     ],
     [
      -47.1804838,
      -23.0590283
     ],
     [
      -47.1801267,
      -23.0587776
     ],
     [
      -47.1798822,
      -23.058576
     ],
     [
      -47.1798305,
      -23.0585439
     ],
     [
      -47.1794178,
      -23.0582226
     ],
     [
      -47.1791189,
      -23.0579695
     ],
     [
      -47.1785196,
      -23.0575561
     ],
     [
      -47.1782388,
      -23.0573644
     ],
     [
      -47.1781818,
      -23.0573294
     ],
     [
      -47.1780526,
      -23.0572396
     ],
     [
      -47.1774945,
      -23.0568517
     ],
     [
      -47.1771667,
      -23.056602
     ],
     [
      -47.1768834,
      -23.0564261
     ],
     [
      -47.1768591,
      -23.0564064
     ],
     [
      -47.1768032,
      -23.0563695
     ],
     [
      -47.1767656,
      -23.0563303
     ],
     [
      -47.1767673,
      -23.0562816
     ],
     [
      -47.1767868,
      -23.0562405
     ],
     [
      -47.1768185,
      -23.0561638
     ],
     [
      -47.1769073,
      -23.0560161
     ],
     [
      -47.177181,
      -23.0556064
     ],
     [
      -47.1778301,
      -23.0546084
     ],
     [
      -47.1778775,
      -23.0545511
     ],
     [
      -47.1779338,
      -23.0544979
     ],
     [
      -47.1782154,
      -23.0542443
     ],
     [
      -47.1782643,
      -23.0541966
     ],
     [
      -47.1783117,
      -23.0541066
     ],
     [
      -47.1783404,
      -23.0539793
     ]
    ]
   }
  },
  {
   "type": "Feature",
   "properties": {
    "nome": "Ciclofaixa",
    "tipo": "ciclovia",
    "fonte": "OpenStreetMap",
    "osm_id": 662054232
   },
   "geometry": {
    "type": "LineString",
    "coordinates": [
     [
      -47.2017382,
      -23.0333936
     ],
     [
      -47.2016348,
      -23.0334198
     ],
     [
      -47.2015524,
      -23.033442
     ],
     [
      -47.2008433,
      -23.0333594
     ],
     [
      -47.2002395,
      -23.033234
     ],
     [
      -47.2000973,
      -23.033133
     ],
     [
      -47.1999809,
      -23.0330098
     ],
     [
      -47.199905,
      -23.0329588
     ],
     [
      -47.1995459,
      -23.0327552
     ],
     [
      -47.1992882,
      -23.0326139
     ],
     [
      -47.1992082,
      -23.03257
     ],
     [
      -47.1989759,
      -23.0324493
     ],
     [
      -47.198908,
      -23.0324266
     ],
     [
      -47.1987406,
      -23.032419
     ],
     [
      -47.1984075,
      -23.032358
     ],
     [
      -47.1982734,
      -23.0323335
     ],
     [
      -47.1979898,
      -23.0323478
     ],
     [
      -47.1978801,
      -23.0323534
     ],
     [
      -47.1975471,
      -23.0323926
     ],
     [
      -47.1974931,
      -23.032399
     ],
     [
      -47.1974539,
      -23.0324069
     ],
     [
      -47.1971867,
      -23.0324609
     ],
     [
      -47.1970172,
      -23.0324951
     ],
     [
      -47.1969742,
      -23.0325028
     ],
     [
      -47.1967365,
      -23.0325734
     ],
     [
      -47.1966547,
      -23.0325985
     ],
     [
      -47.1961809,
      -23.0327638
     ],
     [
      -47.1957164,
      -23.032892
     ],
     [
      -47.1954662,
      -23.0329509
     ],
     [
      -47.1951715,
      -23.0330203
     ],
     [
      -47.1949857,
      -23.0331057
     ],
     [
      -47.1949021,
      -23.0331855
     ],
     [
      -47.1948556,
      -23.0335246
     ],
     [
      -47.1948525,
      -23.0339464
     ],
     [
      -47.1948577,
      -23.0342777
     ],
     [
      -47.1948216,
      -23.034465
     ],
     [
      -47.1947627,
      -23.0345391
     ],
     [
      -47.19425,
      -23.0347058
     ],
     [
      -47.1941137,
      -23.0347172
     ],
     [
      -47.1939912,
      -23.0346091
     ],
     [
      -47.1937324,
      -23.0343016
     ],
     [
      -47.1933643,
      -23.0341161
     ],
     [
      -47.1930133,
      -23.0339359
     ],
     [
      -47.192741,
      -23.0338632
     ],
     [
      -47.1923068,
      -23.0337984
     ],
     [
      -47.1919685,
      -23.033774
     ],
     [
      -47.1916278,
      -23.0338111
     ],
     [
      -47.1913097,
      -23.0338638
     ],
     [
      -47.190709,
      -23.0339521
     ],
     [
      -47.1903777,
      -23.0339606
     ],
     [
      -47.1895509,
      -23.0338552
     ],
     [
      -47.1892179,
      -23.0337811
     ],
     [
      -47.1890333,
      -23.0336647
     ],
     [
      -47.1889258,
      -23.0335379
     ]
    ]
   }
  },
  {
   "type": "Feature",
   "properties": {
    "nome": "Ciclofaixa",
    "tipo": "ciclovia",
    "fonte": "OpenStreetMap",
    "osm_id": 662054233
   },
   "geometry": {
    "type": "LineString",
    "coordinates": [
     [
      -47.1896499,
      -23.0327557
     ],
     [
      -47.1897185,
      -23.0327544
     ],
     [
      -47.1897849,
      -23.0327759
     ],
     [
      -47.1900154,
      -23.0328477
     ],
     [
      -47.1904334,
      -23.0329525
     ],
     [
      -47.1907369,
      -23.0330009
     ],
     [
      -47.1910589,
      -23.0329724
     ],
     [
      -47.1913871,
      -23.0328613
     ],
     [
      -47.19148,
      -23.0328043
     ],
     [
      -47.1917277,
      -23.0327701
     ],
     [
      -47.1920993,
      -23.0327302
     ],
     [
      -47.1924213,
      -23.0326561
     ],
     [
      -47.1926907,
      -23.0325194
     ],
     [
      -47.1929973,
      -23.0322714
     ],
     [
      -47.1931552,
      -23.032072
     ],
     [
      -47.1932326,
      -23.0318896
     ],
     [
      -47.1931459,
      -23.0317186
     ],
     [
      -47.1930809,
      -23.031579
     ],
     [
      -47.1932326,
      -23.031274
     ],
     [
      -47.1933967,
      -23.0310489
     ],
     [
      -47.1935051,
      -23.0309093
     ],
     [
      -47.1936352,
      -23.0308437
     ],
     [
      -47.1938024,
      -23.030801
     ],
     [
      -47.193982,
      -23.0308152
     ],
     [
      -47.194249,
      -23.0308287
     ],
     [
      -47.1945192,
      -23.0308668
     ],
     [
      -47.1948973,
      -23.0309207
     ],
     [
      -47.1953092,
      -23.0309919
     ],
     [
      -47.1955259,
      -23.0310375
     ],
     [
      -47.1957798,
      -23.0310347
     ],
     [
      -47.1960244,
      -23.0310176
     ],
     [
      -47.1963464,
      -23.0309435
     ],
     [
      -47.1965446,
      -23.0308779
     ],
     [
      -47.196687,
      -23.0307896
     ],
     [
      -47.1967923,
      -23.0306614
     ],
     [
      -47.1968821,
      -23.0304818
     ],
     [
      -47.1969719,
      -23.0302339
     ],
     [
      -47.1970431,
      -23.0299233
     ],
     [
      -47.1971048,
      -23.029551
     ],
     [
      -47.1971619,
      -23.0293308
     ],
     [
      -47.1972227,
      -23.029151
     ],
     [
      -47.197328,
      -23.0289943
     ],
     [
      -47.1974812,
      -23.0289037
     ],
     [
      -47.1976353,
      -23.0288753
     ],
     [
      -47.1978346,
      -23.0289005
     ],
     [
      -47.1980302,
      -23.028936
     ],
     [
      -47.1981958,
      -23.0290237
     ],
     [
      -47.1984048,
      -23.0291554
     ],
     [
      -47.1986171,
      -23.0293928
     ],
     [
      -47.1990263,
      -23.0297815
     ],
     [
      -47.1992039,
      -23.0299463
     ],
     [
      -47.1993849,
      -23.0301879
     ],
     [
      -47.200383,
      -23.0310029
     ],
     [
      -47.2005435,
      -23.0310641
     ],
     [
      -47.2006632,
      -23.031072
     ],
     [
      -47.200806,
      -23.0310516
     ],
     [
      -47.2009488,
      -23.0310016
     ],
     [
      -47.2011491,
      -23.0308922
     ],
     [
      -47.2014123,
      -23.0306272
     ],
     [
      -47.2015331,
      -23.0305246
     ],
     [
      -47.2016848,
      -23.0304562
     ],
     [
      -47.2017778,
      -23.0304176
     ],
     [
      -47.2018794,
      -23.0304106
     ],
     [
      -47.2020445,
      -23.030441
     ],
     [
      -47.2021874,
      -23.0305263
     ],
     [
      -47.2024029,
      -23.0306901
     ],
     [
      -47.202523,
      -23.0308032
     ],
     [
      -47.2025751,
      -23.0308242
     ],
     [
      -47.2026307,
      -23.0308447
     ],
     [
      -47.2026948,
      -23.0308593
     ],
     [
      -47.202815,
      -23.0308352
     ],
     [
      -47.2028692,
      -23.030833
     ],
     [
      -47.2029672,
      -23.0308516
     ],
     [
      -47.2030994,
      -23.0308989
     ],
     [
      -47.2032588,
      -23.0309473
     ],
     [
      -47.203456,
      -23.0309659
     ],
     [
      -47.2036414,
      -23.0309481
     ],
     [
      -47.2038191,
      -23.0308871
     ],
     [
      -47.2039309,
      -23.0308086
     ],
     [
      -47.2040077,
      -23.030746
     ],
     [
      -47.2040596,
      -23.0307358
     ],
     [
      -47.2041114,
      -23.0307512
     ]
    ]
   }
  },
  {
   "type": "Feature",
   "properties": {
    "nome": "Ciclofaixa",
    "tipo": "ciclovia",
    "fonte": "OpenStreetMap",
    "osm_id": 662054240
   },
   "geometry": {
    "type": "LineString",
    "coordinates": [
     [
      -47.2042827,
      -23.0309614
     ],
     [
      -47.2045139,
      -23.0312517
     ],
     [
      -47.2047693,
      -23.0316291
     ],
     [
      -47.2051386,
      -23.0321159
     ],
     [
      -47.2057374,
      -23.0328858
     ],
     [
      -47.2057606,
      -23.0329156
     ],
     [
      -47.2057891,
      -23.0330023
     ],
     [
      -47.2058201,
      -23.0330601
     ],
     [
      -47.2057963,
      -23.0331267
     ],
     [
      -47.2057128,
      -23.0331998
     ],
     [
      -47.2054686,
      -23.0333952
     ],
     [
      -47.2053122,
      -23.0335183
     ],
     [
      -47.2052751,
      -23.0335565
     ],
     [
      -47.2051503,
      -23.0337418
     ],
     [
      -47.2051341,
      -23.0337987
     ],
     [
      -47.2050838,
      -23.0339255
     ],
     [
      -47.2050289,
      -23.0340816
     ],
     [
      -47.2049224,
      -23.0342408
     ],
     [
      -47.204786,
      -23.0343128
     ],
     [
      -47.2045664,
      -23.0344046
     ],
     [
      -47.2043036,
      -23.0344858
     ],
     [
      -47.2040507,
      -23.0344766
     ],
     [
      -47.203901,
      -23.0344062
     ],
     [
      -47.2037662,
      -23.0342623
     ],
     [
      -47.2036747,
      -23.0340434
     ],
     [
      -47.2035766,
      -23.0337234
     ],
     [
      -47.2035617,
      -23.0333623
     ],
     [
      -47.2035318,
      -23.0331365
     ],
     [
      -47.2035102,
      -23.0328849
     ],
     [
      -47.2034613,
      -23.0327849
     ],
     [
      -47.2033424,
      -23.0327474
     ],
     [
      -47.2030221,
      -23.0327773
     ],
     [
      -47.2025678,
      -23.0328421
     ],
     [
      -47.2023545,
      -23.032952
     ],
     [
      -47.2019748,
      -23.0332229
     ],
     [
      -47.2017382,
      -23.0333936
     ]
    ]
   }
  },
  {
   "type": "Feature",
   "properties": {
    "nome": "Ciclovia",
    "tipo": "ciclovia",
    "fonte": "OpenStreetMap",
    "osm_id": 1532767565
   },
   "geometry": {
    "type": "LineString",
    "coordinates": [
     [
      -47.1742604,
      -23.0472749
     ],
     [
      -47.174207,
      -23.0472768
     ],
     [
      -47.173857,
      -23.0472887
     ],
     [
      -47.173608,
      -23.0472724
     ],
     [
      -47.1733724,
      -23.0472506
     ],
     [
      -47.1733117,
      -23.0472206
     ],
     [
      -47.173285,
      -23.0471606
     ],
     [
      -47.1732954,
      -23.0470665
     ],
     [
      -47.1732992,
      -23.0470553
     ],
     [
      -47.1733191,
      -23.0469969
     ],
     [
      -47.1733601,
      -23.0469882
     ],
     [
      -47.1735096,
      -23.0469563
     ],
     [
      -47.1738058,
      -23.0468932
     ],
     [
      -47.1740674,
      -23.0468374
     ],
     [
      -47.1741267,
      -23.0468415
     ],
     [
      -47.1742067,
      -23.0468947
     ],
     [
      -47.1742068,
      -23.047061
     ],
     [
      -47.174207,
      -23.0472768
     ]
    ]
   }
  }
 ]
}